protein,site,orig,resnum,mutation,same AA filter,count,Mpro residue
ORF1ab,3264,S,3264,C,Keep,12,1
ORF1ab,3264,S,3264,G,Keep,62,1
ORF1ab,3264,S,3264,I,Keep,1,1
ORF1ab,3264,S,3264,N,Keep,22,1
ORF1ab,3264,S,3264,R,Keep,7,1
ORF1ab,3264,S,3264,S,Delete,57,1
ORF1ab,3264,S,3264,T,Keep,1,1
ORF1ab,3265,G,3265,C,Keep,2,2
ORF1ab,3265,G,3265,G,Delete,35,2
ORF1ab,3265,G,3265,S,Keep,2,2
ORF1ab,3265,G,3265,V,Keep,2,2
ORF1ab,3266,F,3266,C,Keep,1,3
ORF1ab,3266,F,3266,F,Delete,26,3
ORF1ab,3266,F,3266,I,Keep,2,3
ORF1ab,3266,F,3266,L,Keep,4,3
ORF1ab,3266,F,3266,V,Keep,8,3
ORF1ab,3266,F,3266,Y,Keep,1,3
ORF1ab,3267,K,3267,R,Keep,1,4
ORF1ab,3267,R,3267,*,Keep,1,4
ORF1ab,3267,R,3267,G,Keep,1,4
ORF1ab,3267,R,3267,I,Keep,11,4
ORF1ab,3267,R,3267,K,Keep,144,4
ORF1ab,3267,R,3267,R,Delete,47,4
ORF1ab,3267,R,3267,S,Keep,5,4
ORF1ab,3267,R,3267,T,Keep,1,4
ORF1ab,3268,K,3268,E,Keep,12,5
ORF1ab,3268,K,3268,I,Keep,1,5
ORF1ab,3268,K,3268,K,Delete,59,5
ORF1ab,3268,K,3268,N,Keep,6,5
ORF1ab,3268,K,3268,Q,Keep,6,5
ORF1ab,3268,K,3268,R,Keep,21,5
ORF1ab,3268,K,3268,T,Keep,2,5
ORF1ab,3269,M,3269,I,Keep,61,6
ORF1ab,3269,M,3269,L,Keep,10,6
ORF1ab,3269,M,3269,T,Keep,10,6
ORF1ab,3269,M,3269,V,Keep,24,6
ORF1ab,3270,A,3270,A,Delete,128,7
ORF1ab,3270,A,3270,P,Keep,3,7
ORF1ab,3270,A,3270,S,Keep,35,7
ORF1ab,3270,A,3270,T,Keep,197,7
ORF1ab,3270,A,3270,V,Keep,97,7
ORF1ab,3270,T,3270,A,Keep,2,7
ORF1ab,3270,V,3270,A,Keep,1,7
ORF1ab,3271,F,3271,C,Keep,1,8
ORF1ab,3271,F,3271,F,Delete,1222,8
ORF1ab,3271,F,3271,I,Keep,1,8
ORF1ab,3271,F,3271,L,Keep,230,8
ORF1ab,3271,F,3271,S,Keep,6,8
ORF1ab,3271,F,3271,V,Keep,3,8
ORF1ab,3271,F,3271,Y,Keep,8,8
ORF1ab,3271,L,3271,F,Keep,9,8
ORF1ab,3272,P,3272,P,Delete,147,9
ORF1ab,3272,P,3272,S,Keep,1,9
ORF1ab,3273,A,3273,S,Keep,8,10
ORF1ab,3273,S,3273,A,Keep,74,10
ORF1ab,3273,S,3273,D,Keep,1,10
ORF1ab,3273,S,3273,F,Keep,8,10
ORF1ab,3273,S,3273,P,Keep,1,10
ORF1ab,3273,S,3273,S,Delete,256,10
ORF1ab,3273,S,3273,T,Keep,3,10
ORF1ab,3274,G,3274,C,Keep,1,11
ORF1ab,3274,G,3274,D,Keep,1,11
ORF1ab,3274,G,3274,G,Delete,35,11
ORF1ab,3274,G,3274,S,Keep,12,11
ORF1ab,3274,G,3274,V,Keep,3,11
ORF1ab,3275,K,3275,E,Keep,1,12
ORF1ab,3275,K,3275,K,Delete,52,12
ORF1ab,3275,K,3275,N,Keep,3,12
ORF1ab,3275,K,3275,R,Keep,40,12
ORF1ab,3275,K,3275,T,Keep,1,12
ORF1ab,3275,R,3275,K,Keep,2,12
ORF1ab,3276,I,3276,V,Keep,1,13
ORF1ab,3276,V,3276,A,Keep,12,13
ORF1ab,3276,V,3276,F,Keep,1,13
ORF1ab,3276,V,3276,I,Keep,29,13
ORF1ab,3276,V,3276,V,Delete,171,13
ORF1ab,3277,E,3277,*,Keep,1,14
ORF1ab,3277,E,3277,D,Keep,8,14
ORF1ab,3277,E,3277,E,Delete,86,14
ORF1ab,3277,E,3277,G,Keep,1,14
ORF1ab,3278,C,3278,G,Keep,1,15
ORF1ab,3278,D,3278,G,Keep,1,15
ORF1ab,3278,G,3278,C,Keep,43,15
ORF1ab,3278,G,3278,D,Keep,40,15
ORF1ab,3278,G,3278,G,Delete,33,15
ORF1ab,3278,G,3278,I,Keep,1,15
ORF1ab,3278,G,3278,S,Keep,173,15
ORF1ab,3278,G,3278,V,Keep,32,15
ORF1ab,3278,S,3278,G,Keep,61,15
ORF1ab,3278,S,3278,R,Keep,1,15
ORF1ab,3279,C,3279,C,Delete,27,16
ORF1ab,3279,C,3279,G,Keep,1,16
ORF1ab,3279,C,3279,S,Keep,6,16
ORF1ab,3279,C,3279,W,Keep,1,16
ORF1ab,3280,I,3280,M,Keep,1,17
ORF1ab,3280,M,3280,I,Keep,338,17
ORF1ab,3280,M,3280,L,Keep,1,17
ORF1ab,3280,M,3280,T,Keep,52,17
ORF1ab,3280,M,3280,V,Keep,194,17
ORF1ab,3280,T,3280,M,Keep,1,17
ORF1ab,3280,V,3280,M,Keep,1,17
ORF1ab,3281,A,3281,V,Keep,2,18
ORF1ab,3281,V,3281,A,Keep,32,18
ORF1ab,3281,V,3281,I,Keep,79,18
ORF1ab,3281,V,3281,L,Keep,37,18
ORF1ab,3281,V,3281,V,Delete,87,18
ORF1ab,3282,Q,3282,H,Keep,15,19
ORF1ab,3282,Q,3282,K,Keep,7,19
ORF1ab,3282,Q,3282,Q,Delete,35,19
ORF1ab,3282,Q,3282,R,Keep,23,19
ORF1ab,3282,Q,3282,V,Keep,1,19
ORF1ab,3283,V,3283,A,Keep,33,20
ORF1ab,3283,V,3283,I,Keep,35,20
ORF1ab,3283,V,3283,L,Keep,22,20
ORF1ab,3283,V,3283,V,Delete,88,20
ORF1ab,3284,I,3284,T,Keep,8,21
ORF1ab,3284,T,3284,A,Keep,23,21
ORF1ab,3284,T,3284,I,Keep,1223,21
ORF1ab,3284,T,3284,N,Keep,20,21
ORF1ab,3284,T,3284,S,Keep,1,21
ORF1ab,3284,T,3284,T,Delete,39,21
ORF1ab,3285,C,3285,C,Delete,39,22
ORF1ab,3285,C,3285,G,Keep,1,22
ORF1ab,3285,C,3285,R,Keep,5,22
ORF1ab,3285,C,3285,S,Keep,4,22
ORF1ab,3285,C,3285,Y,Keep,1,22
ORF1ab,3286,G,3286,A,Keep,1,23
ORF1ab,3286,G,3286,C,Keep,28,23
ORF1ab,3286,G,3286,D,Keep,24,23
ORF1ab,3286,G,3286,G,Delete,69,23
ORF1ab,3286,G,3286,H,Keep,1,23
ORF1ab,3286,G,3286,S,Keep,58,23
ORF1ab,3286,G,3286,V,Keep,32,23
ORF1ab,3287,A,3287,T,Keep,5,24
ORF1ab,3287,I,3287,T,Keep,2,24
ORF1ab,3287,T,3287,A,Keep,43,24
ORF1ab,3287,T,3287,I,Keep,342,24
ORF1ab,3287,T,3287,K,Keep,4,24
ORF1ab,3287,T,3287,N,Keep,2,24
ORF1ab,3287,T,3287,P,Keep,2,24
ORF1ab,3287,T,3287,R,Keep,2,24
ORF1ab,3287,T,3287,S,Keep,1,24
ORF1ab,3287,T,3287,T,Delete,39,24
ORF1ab,3288,T,3288,A,Keep,12,25
ORF1ab,3288,T,3288,I,Keep,116,25
ORF1ab,3288,T,3288,N,Keep,4,25
ORF1ab,3288,T,3288,S,Keep,2,25
ORF1ab,3289,T,3289,A,Keep,20,26
ORF1ab,3289,T,3289,I,Keep,9,26
ORF1ab,3289,T,3289,Q,Keep,1,26
ORF1ab,3289,T,3289,S,Keep,1,26
ORF1ab,3289,T,3289,T,Delete,48,26
ORF1ab,3290,L,3290,F,Keep,1,27
ORF1ab,3290,L,3290,L,Delete,361,27
ORF1ab,3290,L,3290,P,Keep,1,27
ORF1ab,3290,L,3290,V,Keep,3,27
ORF1ab,3291,N,3291,K,Keep,1,28
ORF1ab,3291,N,3291,N,Delete,2328,28
ORF1ab,3291,N,3291,S,Keep,1,28
ORF1ab,3291,N,3291,Y,Keep,1,28
ORF1ab,3292,G,3292,A,Keep,1,29
ORF1ab,3292,G,3292,G,Delete,52,29
ORF1ab,3292,G,3292,S,Keep,2,29
ORF1ab,3292,G,3292,V,Keep,1,29
ORF1ab,3293,L,3293,F,Keep,22,30
ORF1ab,3293,L,3293,I,Keep,19,30
ORF1ab,3293,L,3293,L,Delete,39,30
ORF1ab,3293,L,3293,P,Keep,4,30
ORF1ab,3293,L,3293,V,Keep,2,30
ORF1ab,3294,W,3294,C,Keep,5,31
ORF1ab,3294,W,3294,F,Keep,1,31
ORF1ab,3294,W,3294,L,Keep,2,31
ORF1ab,3294,W,3294,R,Keep,2,31
ORF1ab,3295,L,3295,F,Keep,8,32
ORF1ab,3295,L,3295,I,Keep,22,32
ORF1ab,3295,L,3295,L,Delete,107,32
ORF1ab,3295,L,3295,P,Keep,1,32
ORF1ab,3295,L,3295,V,Keep,2,32
ORF1ab,3296,D,3296,A,Keep,18,33
ORF1ab,3296,D,3296,D,Delete,207,33
ORF1ab,3296,D,3296,E,Keep,17,33
ORF1ab,3296,D,3296,G,Keep,80,33
ORF1ab,3296,D,3296,H,Keep,2,33
ORF1ab,3296,D,3296,N,Keep,20,33
ORF1ab,3296,D,3296,V,Keep,1,33
ORF1ab,3296,D,3296,Y,Keep,42,33
ORF1ab,3296,G,3296,D,Keep,2,33
ORF1ab,3297,D,3297,A,Keep,8,34
ORF1ab,3297,D,3297,D,Delete,1833,34
ORF1ab,3297,D,3297,E,Keep,9,34
ORF1ab,3297,D,3297,G,Keep,26,34
ORF1ab,3297,D,3297,H,Keep,2,34
ORF1ab,3297,D,3297,N,Keep,25,34
ORF1ab,3297,D,3297,S,Keep,1,34
ORF1ab,3297,D,3297,Y,Keep,5,34
ORF1ab,3298,A,3298,V,Keep,1,35
ORF1ab,3298,I,3298,V,Keep,1,35
ORF1ab,3298,L,3298,V,Keep,1,35
ORF1ab,3298,V,3298,A,Keep,11,35
ORF1ab,3298,V,3298,G,Keep,2,35
ORF1ab,3298,V,3298,I,Keep,176,35
ORF1ab,3298,V,3298,L,Keep,55,35
ORF1ab,3298,V,3298,V,Delete,108,35
ORF1ab,3299,I,3299,V,Keep,2,36
ORF1ab,3299,V,3299,A,Keep,2,36
ORF1ab,3299,V,3299,G,Keep,2,36
ORF1ab,3299,V,3299,I,Keep,50,36
ORF1ab,3299,V,3299,L,Keep,1,36
ORF1ab,3299,V,3299,V,Delete,37,36
ORF1ab,3300,Y,3300,C,Keep,32,37
ORF1ab,3300,Y,3300,F,Keep,2,37
ORF1ab,3300,Y,3300,H,Keep,57,37
ORF1ab,3300,Y,3300,S,Keep,1,37
ORF1ab,3300,Y,3300,Y,Delete,318,37
ORF1ab,3301,C,3301,C,Delete,62,38
ORF1ab,3301,C,3301,F,Keep,5,38
ORF1ab,3301,C,3301,G,Keep,29,38
ORF1ab,3301,C,3301,S,Keep,12,38
ORF1ab,3301,C,3301,W,Keep,1,38
ORF1ab,3301,C,3301,Y,Keep,1,38
ORF1ab,3302,P,3302,H,Keep,1,39
ORF1ab,3302,P,3302,L,Keep,7,39
ORF1ab,3302,P,3302,P,Delete,88,39
ORF1ab,3303,R,3303,*,Keep,1,40
ORF1ab,3303,R,3303,G,Keep,3,40
ORF1ab,3303,R,3303,I,Keep,1,40
ORF1ab,3303,R,3303,K,Keep,1,40
ORF1ab,3303,R,3303,R,Delete,50,40
ORF1ab,3303,R,3303,S,Keep,1,40
ORF1ab,3303,R,3303,T,Keep,2,40
ORF1ab,3304,H,3304,H,Delete,88,41
ORF1ab,3304,H,3304,Q,Keep,2,41
ORF1ab,3304,H,3304,R,Keep,1,41
ORF1ab,3304,H,3304,Y,Keep,4,41
ORF1ab,3305,V,3305,A,Keep,6,42
ORF1ab,3305,V,3305,L,Keep,37,42
ORF1ab,3305,V,3305,M,Keep,3,42
ORF1ab,3305,V,3305,V,Delete,270,42
ORF1ab,3306,I,3306,F,Keep,1,43
ORF1ab,3306,I,3306,I,Delete,507,43
ORF1ab,3306,I,3306,L,Keep,23,43
ORF1ab,3306,I,3306,N,Keep,1,43
ORF1ab,3306,I,3306,T,Keep,7,43
ORF1ab,3306,I,3306,V,Keep,101,43
ORF1ab,3306,L,3306,I,Keep,1,43
ORF1ab,3306,V,3306,V,Delete,1,43
ORF1ab,3307,C,3307,*,Keep,1,44
ORF1ab,3307,C,3307,C,Delete,482,44
ORF1ab,3307,C,3307,F,Keep,1,44
ORF1ab,3307,C,3307,S,Keep,2,44
ORF1ab,3307,C,3307,Y,Keep,1,44
ORF1ab,3308,I,3308,T,Keep,3,45
ORF1ab,3308,T,3308,A,Keep,21,45
ORF1ab,3308,T,3308,I,Keep,256,45
ORF1ab,3308,T,3308,N,Keep,27,45
ORF1ab,3308,T,3308,R,Keep,1,45
ORF1ab,3308,T,3308,S,Keep,1,45
ORF1ab,3308,T,3308,T,Delete,631,45
ORF1ab,3309,S,3309,A,Keep,27,46
ORF1ab,3309,S,3309,C,Keep,2,46
ORF1ab,3309,S,3309,F,Keep,343,46
ORF1ab,3309,S,3309,P,Keep,52,46
ORF1ab,3309,S,3309,S,Delete,112,46
ORF1ab,3309,S,3309,T,Keep,3,46
ORF1ab,3309,S,3309,Y,Keep,10,46
ORF1ab,3310,D,3310,E,Keep,1,47
ORF1ab,3310,E,3310,A,Keep,39,47
ORF1ab,3310,E,3310,D,Keep,36,47
ORF1ab,3310,E,3310,E,Delete,149,47
ORF1ab,3310,E,3310,G,Keep,42,47
ORF1ab,3310,E,3310,K,Keep,49,47
ORF1ab,3310,E,3310,L,Keep,7,47
ORF1ab,3310,E,3310,N,Keep,5,47
ORF1ab,3310,E,3310,Q,Keep,4,47
ORF1ab,3310,E,3310,V,Keep,6,47
ORF1ab,3311,D,3311,A,Keep,4,48
ORF1ab,3311,D,3311,D,Delete,1838,48
ORF1ab,3311,D,3311,E,Keep,16,48
ORF1ab,3311,D,3311,G,Keep,17,48
ORF1ab,3311,D,3311,H,Keep,3,48
ORF1ab,3311,D,3311,N,Keep,62,48
ORF1ab,3311,D,3311,Y,Keep,15,48
ORF1ab,3312,I,3312,M,Keep,1,49
ORF1ab,3312,M,3312,I,Keep,215,49
ORF1ab,3312,M,3312,K,Keep,2,49
ORF1ab,3312,M,3312,L,Keep,8,49
ORF1ab,3312,M,3312,T,Keep,5,49
ORF1ab,3312,M,3312,V,Keep,13,49
ORF1ab,3313,F,3313,L,Keep,3,50
ORF1ab,3313,F,3313,S,Keep,1,50
ORF1ab,3313,L,3313,F,Keep,868,50
ORF1ab,3313,L,3313,I,Keep,7,50
ORF1ab,3313,L,3313,L,Delete,83,50
ORF1ab,3313,L,3313,P,Keep,5,50
ORF1ab,3313,L,3313,R,Keep,7,50
ORF1ab,3313,L,3313,S,Keep,1,50
ORF1ab,3313,L,3313,V,Keep,2,50
ORF1ab,3314,N,3314,D,Keep,6,51
ORF1ab,3314,N,3314,K,Keep,8,51
ORF1ab,3314,N,3314,N,Delete,525,51
ORF1ab,3314,N,3314,S,Keep,16,51
ORF1ab,3314,N,3314,V,Keep,1,51
ORF1ab,3314,N,3314,Y,Keep,1,51
ORF1ab,3315,P,3315,H,Keep,3,52
ORF1ab,3315,P,3315,L,Keep,8,52
ORF1ab,3315,P,3315,P,Delete,33,52
ORF1ab,3315,P,3315,S,Keep,15,52
ORF1ab,3316,N,3316,D,Keep,12,53
ORF1ab,3316,N,3316,I,Keep,1,53
ORF1ab,3316,N,3316,K,Keep,3,53
ORF1ab,3316,N,3316,N,Delete,30,53
ORF1ab,3316,N,3316,S,Keep,10,53
ORF1ab,3316,N,3316,T,Keep,2,53
ORF1ab,3317,Y,3317,N,Keep,1,54
ORF1ab,3317,Y,3317,Y,Delete,70,54
ORF1ab,3318,E,3318,A,Keep,1,55
ORF1ab,3318,E,3318,D,Keep,30,55
ORF1ab,3318,E,3318,E,Delete,129,55
ORF1ab,3318,E,3318,G,Keep,1,55
ORF1ab,3318,E,3318,K,Keep,1,55
ORF1ab,3318,E,3318,V,Keep,1,55
ORF1ab,3319,D,3319,D,Delete,73,56
ORF1ab,3319,D,3319,E,Keep,1,56
ORF1ab,3319,D,3319,N,Keep,18,56
ORF1ab,3319,D,3319,V,Keep,1,56
ORF1ab,3319,D,3319,Y,Keep,3,56
ORF1ab,3320,L,3320,F,Keep,1,57
ORF1ab,3320,L,3320,I,Keep,1,57
ORF1ab,3320,L,3320,L,Delete,121,57
ORF1ab,3320,L,3320,S,Keep,10,57
ORF1ab,3321,L,3321,F,Keep,71,58
ORF1ab,3321,L,3321,I,Keep,5,58
ORF1ab,3321,L,3321,L,Delete,1398,58
ORF1ab,3322,I,3322,I,Delete,34,59
ORF1ab,3322,I,3322,L,Keep,5,59
ORF1ab,3322,I,3322,M,Keep,4,59
ORF1ab,3322,I,3322,S,Keep,1,59
ORF1ab,3322,I,3322,T,Keep,2,59
ORF1ab,3322,I,3322,V,Keep,14,59
ORF1ab,3323,R,3323,C,Keep,316,60
ORF1ab,3323,R,3323,H,Keep,1,60
ORF1ab,3323,R,3323,L,Keep,51,60
ORF1ab,3323,R,3323,R,Delete,26,60
ORF1ab,3323,R,3323,S,Keep,1,60
ORF1ab,3324,K,3324,K,Delete,39,61
ORF1ab,3324,K,3324,R,Keep,77,61
ORF1ab,3325,S,3325,A,Keep,6,62
ORF1ab,3325,S,3325,P,Keep,1,62
ORF1ab,3325,S,3325,S,Delete,43,62
ORF1ab,3326,N,3326,G,Keep,1,63
ORF1ab,3326,N,3326,N,Delete,141,63
ORF1ab,3326,N,3326,S,Keep,1,63
ORF1ab,3327,H,3327,H,Delete,101,64
ORF1ab,3327,H,3327,N,Keep,1,64
ORF1ab,3327,H,3327,Y,Keep,46,64
ORF1ab,3328,N,3328,H,Keep,1,65
ORF1ab,3328,N,3328,I,Keep,1,65
ORF1ab,3328,N,3328,K,Keep,1,65
ORF1ab,3328,N,3328,N,Delete,114,65
ORF1ab,3328,N,3328,S,Keep,70,65
ORF1ab,3328,N,3328,Y,Keep,1,65
ORF1ab,3328,S,3328,N,Keep,1,65
ORF1ab,3329,F,3329,F,Delete,1589,66
ORF1ab,3329,F,3329,L,Keep,4,66
ORF1ab,3329,F,3329,V,Keep,1,66
ORF1ab,3330,L,3330,F,Keep,273,67
ORF1ab,3330,L,3330,L,Delete,130,67
ORF1ab,3330,L,3330,M,Keep,3,67
ORF1ab,3330,L,3330,S,Keep,41,67
ORF1ab,3330,L,3330,V,Keep,18,67
ORF1ab,3330,L,3330,W,Keep,2,67
ORF1ab,3331,V,3331,A,Keep,14,68
ORF1ab,3331,V,3331,I,Keep,83,68
ORF1ab,3331,V,3331,L,Keep,16,68
ORF1ab,3331,V,3331,V,Delete,64,68
ORF1ab,3332,E,3332,Q,Keep,1,69
ORF1ab,3332,Q,3332,*,Keep,2,69
ORF1ab,3332,Q,3332,E,Keep,5,69
ORF1ab,3332,Q,3332,H,Keep,49,69
ORF1ab,3332,Q,3332,K,Keep,3,69
ORF1ab,3332,Q,3332,L,Keep,1,69
ORF1ab,3332,Q,3332,M,Keep,3,69
ORF1ab,3332,Q,3332,Q,Delete,103,69
ORF1ab,3332,Q,3332,R,Keep,65,69
ORF1ab,3332,Q,3332,S,Keep,1,69
ORF1ab,3333,A,3333,A,Delete,95,70
ORF1ab,3333,A,3333,D,Keep,18,70
ORF1ab,3333,A,3333,P,Keep,2,70
ORF1ab,3333,A,3333,S,Keep,32,70
ORF1ab,3333,A,3333,T,Keep,124,70
ORF1ab,3333,A,3333,V,Keep,267,70
ORF1ab,3333,S,3333,A,Keep,1,70
ORF1ab,3333,T,3333,A,Keep,2,70
ORF1ab,3333,V,3333,I,Keep,1,70
ORF1ab,3334,G,3334,C,Keep,22,71
ORF1ab,3334,G,3334,D,Keep,38,71
ORF1ab,3334,G,3334,G,Delete,58,71
ORF1ab,3334,G,3334,R,Keep,2,71
ORF1ab,3334,G,3334,S,Keep,106,71
ORF1ab,3334,G,3334,V,Keep,49,71
ORF1ab,3334,S,3334,G,Keep,12,71
ORF1ab,3334,V,3334,G,Keep,1,71
ORF1ab,3335,N,3335,D,Keep,8,72
ORF1ab,3335,N,3335,H,Keep,2,72
ORF1ab,3335,N,3335,I,Keep,3,72
ORF1ab,3335,N,3335,K,Keep,4,72
ORF1ab,3335,N,3335,N,Delete,72,72
ORF1ab,3335,N,3335,S,Keep,55,72
ORF1ab,3335,N,3335,T,Keep,18,72
ORF1ab,3335,N,3335,Y,Keep,7,72
ORF1ab,3336,I,3336,M,Keep,1,73
ORF1ab,3336,I,3336,V,Keep,39,73
ORF1ab,3336,V,3336,A,Keep,14,73
ORF1ab,3336,V,3336,F,Keep,22,73
ORF1ab,3336,V,3336,I,Keep,111,73
ORF1ab,3336,V,3336,L,Keep,2,73
ORF1ab,3336,V,3336,V,Delete,111,73
ORF1ab,3337,Q,3337,*,Keep,1,74
ORF1ab,3337,Q,3337,E,Keep,3,74
ORF1ab,3337,Q,3337,H,Keep,8,74
ORF1ab,3337,Q,3337,K,Keep,3,74
ORF1ab,3337,Q,3337,L,Keep,4,74
ORF1ab,3337,Q,3337,P,Keep,4,74
ORF1ab,3337,Q,3337,Q,Delete,31,74
ORF1ab,3337,Q,3337,R,Keep,10,74
ORF1ab,3338,F,3338,F,Delete,1,75
ORF1ab,3338,F,3338,L,Keep,5,75
ORF1ab,3338,I,3338,L,Keep,1,75
ORF1ab,3338,L,3338,F,Keep,1197,75
ORF1ab,3338,L,3338,H,Keep,6,75
ORF1ab,3338,L,3338,I,Keep,78,75
ORF1ab,3338,L,3338,L,Delete,1845,75
ORF1ab,3338,L,3338,P,Keep,7,75
ORF1ab,3338,L,3338,R,Keep,6,75
ORF1ab,3338,L,3338,V,Keep,9,75
ORF1ab,3339,K,3339,R,Keep,1,76
ORF1ab,3339,R,3339,K,Keep,41,76
ORF1ab,3339,R,3339,M,Keep,16,76
ORF1ab,3339,R,3339,R,Delete,150,76
ORF1ab,3339,R,3339,S,Keep,18,76
ORF1ab,3339,R,3339,W,Keep,2,76
ORF1ab,3340,V,3340,A,Keep,14,77
ORF1ab,3340,V,3340,F,Keep,3,77
ORF1ab,3340,V,3340,I,Keep,47,77
ORF1ab,3340,V,3340,L,Keep,3,77
ORF1ab,3340,V,3340,V,Delete,65,77
ORF1ab,3341,I,3341,I,Delete,76,78
ORF1ab,3341,I,3341,L,Keep,3,78
ORF1ab,3341,I,3341,M,Keep,5,78
ORF1ab,3341,I,3341,N,Keep,3,78
ORF1ab,3341,I,3341,S,Keep,22,78
ORF1ab,3341,I,3341,T,Keep,56,78
ORF1ab,3341,I,3341,V,Keep,316,78
ORF1ab,3341,V,3341,I,Keep,1,78
ORF1ab,3342,G,3342,*,Keep,1,79
ORF1ab,3342,G,3342,E,Keep,1,79
ORF1ab,3342,G,3342,G,Delete,44,79
ORF1ab,3342,G,3342,R,Keep,3,79
ORF1ab,3343,H,3343,H,Delete,43,80
ORF1ab,3343,H,3343,L,Keep,1,80
ORF1ab,3343,H,3343,N,Keep,8,80
ORF1ab,3343,H,3343,Q,Keep,4,80
ORF1ab,3343,H,3343,Y,Keep,11,80
ORF1ab,3344,F,3344,S,Keep,1,81
ORF1ab,3344,S,3344,A,Keep,25,81
ORF1ab,3344,S,3344,C,Keep,1,81
ORF1ab,3344,S,3344,F,Keep,414,81
ORF1ab,3344,S,3344,P,Keep,7,81
ORF1ab,3344,S,3344,S,Delete,31,81
ORF1ab,3344,S,3344,T,Keep,1,81
ORF1ab,3344,S,3344,Y,Keep,15,81
ORF1ab,3345,M,3345,I,Keep,161,82
ORF1ab,3345,M,3345,T,Keep,10,82
ORF1ab,3345,M,3345,V,Keep,9,82
ORF1ab,3346,H,3346,Q,Keep,1,83
ORF1ab,3346,K,3346,Q,Keep,5,83
ORF1ab,3346,Q,3346,*,Keep,2,83
ORF1ab,3346,Q,3346,E,Keep,1,83
ORF1ab,3346,Q,3346,H,Keep,30,83
ORF1ab,3346,Q,3346,K,Keep,222,83
ORF1ab,3346,Q,3346,L,Keep,21,83
ORF1ab,3346,Q,3346,P,Keep,4,83
ORF1ab,3346,Q,3346,Q,Delete,40,83
ORF1ab,3346,Q,3346,R,Keep,28,83
ORF1ab,3347,N,3347,D,Keep,11,84
ORF1ab,3347,N,3347,H,Keep,11,84
ORF1ab,3347,N,3347,I,Keep,3,84
ORF1ab,3347,N,3347,K,Keep,8,84
ORF1ab,3347,N,3347,N,Delete,35,84
ORF1ab,3347,N,3347,S,Keep,66,84
ORF1ab,3347,N,3347,T,Keep,1,84
ORF1ab,3347,N,3347,Y,Keep,1,84
ORF1ab,3348,C,3348,C,Delete,38,85
ORF1ab,3348,C,3348,F,Keep,3,85
ORF1ab,3348,C,3348,G,Keep,1,85
ORF1ab,3348,C,3348,R,Keep,2,85
ORF1ab,3348,C,3348,S,Keep,2,85
ORF1ab,3348,C,3348,W,Keep,1,85
ORF1ab,3349,I,3349,V,Keep,1,86
ORF1ab,3349,L,3349,V,Keep,1,86
ORF1ab,3349,V,3349,A,Keep,45,86
ORF1ab,3349,V,3349,E,Keep,5,86
ORF1ab,3349,V,3349,I,Keep,72,86
ORF1ab,3349,V,3349,L,Keep,10,86
ORF1ab,3349,V,3349,V,Delete,56,86
ORF1ab,3350,L,3350,F,Keep,50,87
ORF1ab,3350,L,3350,I,Keep,22,87
ORF1ab,3350,L,3350,L,Delete,43,87
ORF1ab,3350,L,3350,V,Keep,2,87
ORF1ab,3351,K,3351,E,Keep,3,88
ORF1ab,3351,K,3351,K,Delete,49,88
ORF1ab,3351,K,3351,M,Keep,1,88
ORF1ab,3351,K,3351,N,Keep,73,88
ORF1ab,3351,K,3351,Q,Keep,1,88
ORF1ab,3351,K,3351,R,Keep,612,88
ORF1ab,3351,K,3351,T,Keep,5,88
ORF1ab,3351,R,3351,G,Keep,2,88
ORF1ab,3351,R,3351,K,Keep,6,88
ORF1ab,3352,F,3352,L,Keep,204,89
ORF1ab,3352,L,3352,F,Keep,611,89
ORF1ab,3352,L,3352,I,Keep,10,89
ORF1ab,3352,L,3352,L,Delete,38,89
ORF1ab,3352,L,3352,P,Keep,2,89
ORF1ab,3352,L,3352,R,Keep,1,89
ORF1ab,3352,L,3352,V,Keep,1,89
ORF1ab,3353,K,3353,G,Keep,1,90
ORF1ab,3353,K,3353,K,Delete,44,90
ORF1ab,3353,K,3353,N,Keep,114,90
ORF1ab,3353,K,3353,R,Keep,6538,90
ORF1ab,3353,K,3353,T,Keep,1,90
ORF1ab,3353,R,3353,G,Keep,4,90
ORF1ab,3353,R,3353,K,Keep,185,90
ORF1ab,3353,R,3353,R,Delete,2,90
ORF1ab,3354,V,3354,A,Keep,6,91
ORF1ab,3354,V,3354,C,Keep,1,91
ORF1ab,3354,V,3354,F,Keep,2,91
ORF1ab,3354,V,3354,I,Keep,51,91
ORF1ab,3354,V,3354,L,Keep,3,91
ORF1ab,3354,V,3354,V,Delete,44,91
ORF1ab,3355,D,3355,A,Keep,15,92
ORF1ab,3355,D,3355,D,Delete,383,92
ORF1ab,3355,D,3355,E,Keep,8,92
ORF1ab,3355,D,3355,G,Keep,153,92
ORF1ab,3355,D,3355,N,Keep,36,92
ORF1ab,3355,D,3355,V,Keep,4,92
ORF1ab,3355,D,3355,Y,Keep,24,92
ORF1ab,3356,I,3356,T,Keep,2,93
ORF1ab,3356,T,3356,A,Keep,43,93
ORF1ab,3356,T,3356,E,Keep,1,93
ORF1ab,3356,T,3356,I,Keep,889,93
ORF1ab,3356,T,3356,K,Keep,2,93
ORF1ab,3356,T,3356,L,Keep,1,93
ORF1ab,3356,T,3356,M,Keep,1,93
ORF1ab,3356,T,3356,S,Keep,2,93
ORF1ab,3356,T,3356,T,Delete,69,93
ORF1ab,3356,T,3356,V,Keep,2,93
ORF1ab,3357,A,3357,A,Delete,457,94
ORF1ab,3357,A,3357,D,Keep,1,94
ORF1ab,3357,A,3357,G,Keep,3,94
ORF1ab,3357,A,3357,S,Keep,23,94
ORF1ab,3357,A,3357,T,Keep,106,94
ORF1ab,3357,A,3357,V,Keep,345,94
ORF1ab,3357,V,3357,A,Keep,2,94
ORF1ab,3358,N,3358,H,Keep,2,95
ORF1ab,3358,N,3358,N,Delete,161,95
ORF1ab,3358,N,3358,S,Keep,7,95
ORF1ab,3359,L,3359,P,Keep,5,96
ORF1ab,3359,P,3359,A,Keep,2,96
ORF1ab,3359,P,3359,H,Keep,56,96
ORF1ab,3359,P,3359,L,Keep,542,96
ORF1ab,3359,P,3359,P,Delete,35,96
ORF1ab,3359,P,3359,R,Keep,1,96
ORF1ab,3359,P,3359,S,Keep,475,96
ORF1ab,3359,P,3359,T,Keep,18,96
ORF1ab,3359,S,3359,P,Keep,1,96
ORF1ab,3360,K,3360,E,Keep,1,97
ORF1ab,3360,K,3360,K,Delete,90,97
ORF1ab,3360,K,3360,M,Keep,3,97
ORF1ab,3360,K,3360,N,Keep,7,97
ORF1ab,3360,K,3360,R,Keep,82,97
ORF1ab,3360,K,3360,T,Keep,2,97
ORF1ab,3361,T,3361,A,Keep,20,98
ORF1ab,3361,T,3361,I,Keep,4,98
ORF1ab,3361,T,3361,K,Keep,1,98
ORF1ab,3361,T,3361,M,Keep,1,98
ORF1ab,3361,T,3361,S,Keep,2,98
ORF1ab,3361,T,3361,T,Delete,29,98
ORF1ab,3362,P,3362,I,Keep,1,99
ORF1ab,3362,P,3362,L,Keep,34,99
ORF1ab,3362,P,3362,P,Delete,30,99
ORF1ab,3362,P,3362,S,Keep,31,99
ORF1ab,3362,P,3362,T,Keep,7,99
ORF1ab,3363,K,3363,K,Delete,64,100
ORF1ab,3363,K,3363,M,Keep,1,100
ORF1ab,3363,K,3363,N,Keep,44,100
ORF1ab,3363,K,3363,R,Keep,25,100
ORF1ab,3363,K,3363,T,Keep,5,100
ORF1ab,3363,N,3363,K,Keep,5,100
ORF1ab,3364,S,3364,Y,Keep,1,101
ORF1ab,3364,Y,3364,C,Keep,73,101
ORF1ab,3364,Y,3364,D,Keep,1,101
ORF1ab,3364,Y,3364,F,Keep,3,101
ORF1ab,3364,Y,3364,H,Keep,10,101
ORF1ab,3364,Y,3364,N,Keep,1,101
ORF1ab,3364,Y,3364,S,Keep,5,101
ORF1ab,3364,Y,3364,Y,Delete,119,101
ORF1ab,3365,K,3365,E,Keep,1,102
ORF1ab,3365,K,3365,K,Delete,58,102
ORF1ab,3365,K,3365,N,Keep,11,102
ORF1ab,3365,K,3365,R,Keep,60,102
ORF1ab,3365,K,3365,T,Keep,1,102
ORF1ab,3366,F,3366,C,Keep,9,103
ORF1ab,3366,F,3366,F,Delete,52,103
ORF1ab,3366,F,3366,L,Keep,25,103
ORF1ab,3366,F,3366,S,Keep,6,103
ORF1ab,3366,F,3366,T,Keep,1,103
ORF1ab,3366,F,3366,V,Keep,5,103
ORF1ab,3366,F,3366,Y,Keep,2,103
ORF1ab,3367,I,3367,V,Keep,1,104
ORF1ab,3367,V,3367,A,Keep,9,104
ORF1ab,3367,V,3367,D,Keep,1,104
ORF1ab,3367,V,3367,F,Keep,65,104
ORF1ab,3367,V,3367,G,Keep,1,104
ORF1ab,3367,V,3367,I,Keep,150,104
ORF1ab,3367,V,3367,L,Keep,1,104
ORF1ab,3367,V,3367,S,Keep,1,104
ORF1ab,3367,V,3367,V,Delete,93,104
ORF1ab,3368,H,3368,R,Keep,1,105
ORF1ab,3368,R,3368,C,Keep,5,105
ORF1ab,3368,R,3368,H,Keep,103,105
ORF1ab,3368,R,3368,P,Keep,1,105
ORF1ab,3368,R,3368,R,Delete,2946,105
ORF1ab,3368,R,3368,S,Keep,10,105
ORF1ab,3369,I,3369,F,Keep,9,106
ORF1ab,3369,I,3369,I,Delete,92,106
ORF1ab,3369,I,3369,L,Keep,5,106
ORF1ab,3369,I,3369,M,Keep,8,106
ORF1ab,3369,I,3369,S,Keep,6,106
ORF1ab,3369,I,3369,T,Keep,30,106
ORF1ab,3369,I,3369,V,Keep,70,106
ORF1ab,3370,Q,3370,H,Keep,3,107
ORF1ab,3370,Q,3370,L,Keep,4,107
ORF1ab,3370,Q,3370,P,Keep,1,107
ORF1ab,3370,Q,3370,Q,Delete,52,107
ORF1ab,3370,Q,3370,R,Keep,39,107
ORF1ab,3371,L,3371,L,Delete,2,108
ORF1ab,3371,L,3371,P,Keep,4,108
ORF1ab,3371,P,3371,A,Keep,5,108
ORF1ab,3371,P,3371,K,Keep,1,108
ORF1ab,3371,P,3371,L,Keep,392,108
ORF1ab,3371,P,3371,P,Delete,77,108
ORF1ab,3371,P,3371,Q,Keep,27,108
ORF1ab,3371,P,3371,R,Keep,10,108
ORF1ab,3371,P,3371,S,Keep,1378,108
ORF1ab,3371,P,3371,T,Keep,56,108
ORF1ab,3371,S,3371,P,Keep,16,108
ORF1ab,3372,G,3372,*,Keep,3,109
ORF1ab,3372,G,3372,A,Keep,1,109
ORF1ab,3372,G,3372,G,Delete,37,109
ORF1ab,3372,G,3372,R,Keep,41,109
ORF1ab,3372,G,3372,V,Keep,1,109
ORF1ab,3372,R,3372,G,Keep,1,109
ORF1ab,3373,Q,3373,H,Keep,28,110
ORF1ab,3373,Q,3373,L,Keep,1,110
ORF1ab,3373,Q,3373,N,Keep,1,110
ORF1ab,3373,Q,3373,Q,Delete,95,110
ORF1ab,3373,Q,3373,R,Keep,1,110
ORF1ab,3374,T,3374,A,Keep,6,111
ORF1ab,3374,T,3374,I,Keep,3,111
ORF1ab,3374,T,3374,N,Keep,14,111
ORF1ab,3374,T,3374,S,Keep,3,111
ORF1ab,3374,T,3374,T,Delete,87,111
ORF1ab,3375,F,3375,C,Keep,1,112
ORF1ab,3375,F,3375,F,Delete,22,112
ORF1ab,3375,F,3375,I,Keep,3,112
ORF1ab,3375,F,3375,L,Keep,20,112
ORF1ab,3375,F,3375,S,Keep,2,112
ORF1ab,3375,F,3375,V,Keep,1,112
ORF1ab,3375,L,3375,F,Keep,1,112
ORF1ab,3376,S,3376,A,Keep,1,113
ORF1ab,3376,S,3376,F,Keep,1,113
ORF1ab,3376,S,3376,L,Keep,2,113
ORF1ab,3376,S,3376,S,Delete,60,113
ORF1ab,3376,S,3376,T,Keep,3,113
ORF1ab,3377,V,3377,A,Keep,4,114
ORF1ab,3377,V,3377,E,Keep,1,114
ORF1ab,3377,V,3377,G,Keep,1,114
ORF1ab,3377,V,3377,L,Keep,47,114
ORF1ab,3377,V,3377,M,Keep,18,114
ORF1ab,3377,V,3377,S,Keep,1,114
ORF1ab,3377,V,3377,V,Delete,1021,114
ORF1ab,3378,L,3378,L,Delete,126,115
ORF1ab,3378,L,3378,S,Keep,1,115
ORF1ab,3378,L,3378,V,Keep,1,115
ORF1ab,3379,A,3379,A,Delete,63,116
ORF1ab,3379,A,3379,P,Keep,3,116
ORF1ab,3379,A,3379,S,Keep,19,116
ORF1ab,3379,A,3379,T,Keep,43,116
ORF1ab,3379,A,3379,V,Keep,410,116
ORF1ab,3380,C,3380,C,Delete,59,117
ORF1ab,3380,C,3380,F,Keep,2,117
ORF1ab,3380,C,3380,G,Keep,1,117
ORF1ab,3380,C,3380,S,Keep,10,117
ORF1ab,3381,Y,3381,H,Keep,1,118
ORF1ab,3381,Y,3381,S,Keep,1,118
ORF1ab,3381,Y,3381,Y,Delete,374,118
ORF1ab,3382,N,3382,D,Keep,18,119
ORF1ab,3382,N,3382,I,Keep,1,119
ORF1ab,3382,N,3382,N,Delete,96,119
ORF1ab,3382,N,3382,S,Keep,67,119
ORF1ab,3382,N,3382,T,Keep,18,119
ORF1ab,3383,G,3383,D,Keep,1,120
ORF1ab,3383,G,3383,G,Delete,22,120
ORF1ab,3383,G,3383,S,Keep,7,120
ORF1ab,3384,L,3384,S,Keep,2,121
ORF1ab,3384,S,3384,A,Keep,13,121
ORF1ab,3384,S,3384,L,Keep,240,121
ORF1ab,3384,S,3384,S,Delete,37,121
ORF1ab,3384,S,3384,T,Keep,4,121
ORF1ab,3385,P,3385,L,Keep,5,122
ORF1ab,3385,P,3385,P,Delete,75,122
ORF1ab,3385,P,3385,Q,Keep,1,122
ORF1ab,3385,P,3385,S,Keep,43,122
ORF1ab,3386,A,3386,V,Keep,1,123
ORF1ab,3386,C,3386,S,Keep,1,123
ORF1ab,3386,S,3386,A,Keep,28,123
ORF1ab,3386,S,3386,C,Keep,12,123
ORF1ab,3386,S,3386,F,Keep,85,123
ORF1ab,3386,S,3386,P,Keep,1,123
ORF1ab,3386,S,3386,S,Delete,89,123
ORF1ab,3386,S,3386,T,Keep,3,123
ORF1ab,3386,S,3386,Y,Keep,1,123
ORF1ab,3387,G,3387,C,Keep,2,124
ORF1ab,3387,G,3387,D,Keep,1,124
ORF1ab,3387,G,3387,G,Delete,23,124
ORF1ab,3387,G,3387,S,Keep,3,124
ORF1ab,3387,G,3387,V,Keep,1,124
ORF1ab,3388,V,3388,G,Keep,1,125
ORF1ab,3388,V,3388,I,Keep,95,125
ORF1ab,3388,V,3388,N,Keep,1,125
ORF1ab,3388,V,3388,V,Delete,78,125
ORF1ab,3389,Y,3389,*,Keep,1,126
ORF1ab,3389,Y,3389,F,Keep,1,126
ORF1ab,3389,Y,3389,H,Keep,1,126
ORF1ab,3389,Y,3389,S,Keep,1,126
ORF1ab,3389,Y,3389,W,Keep,1,126
ORF1ab,3389,Y,3389,Y,Delete,282,126
ORF1ab,3390,Q,3390,H,Keep,12,127
ORF1ab,3390,Q,3390,I,Keep,1,127
ORF1ab,3390,Q,3390,K,Keep,1,127
ORF1ab,3390,Q,3390,P,Keep,2,127
ORF1ab,3390,Q,3390,Q,Delete,54,127
ORF1ab,3390,Q,3390,R,Keep,1,127
ORF1ab,3391,C,3391,C,Delete,26,128
ORF1ab,3391,C,3391,S,Keep,7,128
ORF1ab,3391,C,3391,Y,Keep,8,128
ORF1ab,3391,S,3391,C,Keep,1,128
ORF1ab,3392,A,3392,A,Delete,47,129
ORF1ab,3392,A,3392,C,Keep,1,129
ORF1ab,3392,A,3392,P,Keep,1,129
ORF1ab,3392,A,3392,S,Keep,14,129
ORF1ab,3392,A,3392,T,Keep,22,129
ORF1ab,3392,A,3392,V,Keep,854,129
ORF1ab,3392,V,3392,A,Keep,7,129
ORF1ab,3393,I,3393,M,Keep,3,130
ORF1ab,3393,M,3393,I,Keep,61,130
ORF1ab,3393,M,3393,L,Keep,5,130
ORF1ab,3393,M,3393,R,Keep,2,130
ORF1ab,3393,M,3393,T,Keep,2,130
ORF1ab,3393,M,3393,V,Keep,6,130
ORF1ab,3394,R,3394,*,Keep,1,131
ORF1ab,3394,R,3394,G,Keep,1,131
ORF1ab,3394,R,3394,K,Keep,3,131
ORF1ab,3394,R,3394,M,Keep,2,131
ORF1ab,3394,R,3394,R,Delete,532,131
ORF1ab,3394,R,3394,S,Keep,7,131
ORF1ab,3395,H,3395,H,Delete,223,132
ORF1ab,3395,H,3395,L,Keep,1,132
ORF1ab,3395,H,3395,N,Keep,2,132
ORF1ab,3395,H,3395,P,Keep,761,132
ORF1ab,3395,H,3395,Q,Keep,4,132
ORF1ab,3395,H,3395,R,Keep,2,132
ORF1ab,3395,H,3395,Y,Keep,151,132
ORF1ab,3395,L,3395,F,Keep,1,132
ORF1ab,3395,L,3395,P,Keep,13,132
ORF1ab,3395,P,3395,A,Keep,4,132
ORF1ab,3395,P,3395,H,Keep,191,132
ORF1ab,3395,P,3395,L,Keep,559,132
ORF1ab,3395,P,3395,P,Delete,873,132
ORF1ab,3395,P,3395,S,Keep,608,132
ORF1ab,3395,P,3395,T,Keep,11,132
ORF1ab,3395,S,3395,P,Keep,29,132
ORF1ab,3395,S,3395,S,Delete,1,132
ORF1ab,3395,T,3395,P,Keep,1,132
ORF1ab,3396,N,3396,I,Keep,3,133
ORF1ab,3396,N,3396,K,Keep,2,133
ORF1ab,3396,N,3396,N,Delete,122,133
ORF1ab,3396,N,3396,T,Keep,5,133
ORF1ab,3397,F,3397,*,Keep,1,134
ORF1ab,3397,F,3397,C,Keep,8,134
ORF1ab,3397,F,3397,F,Delete,1283,134
ORF1ab,3397,F,3397,L,Keep,25,134
ORF1ab,3397,F,3397,S,Keep,32,134
ORF1ab,3397,F,3397,Y,Keep,2,134
ORF1ab,3398,I,3398,T,Keep,1,135
ORF1ab,3398,T,3398,A,Keep,3,135
ORF1ab,3398,T,3398,I,Keep,118,135
ORF1ab,3398,T,3398,S,Keep,2,135
ORF1ab,3398,T,3398,T,Delete,58,135
ORF1ab,3399,I,3399,F,Keep,4,136
ORF1ab,3399,I,3399,I,Delete,34,136
ORF1ab,3399,I,3399,T,Keep,6,136
ORF1ab,3399,I,3399,V,Keep,23,136
ORF1ab,3400,K,3400,E,Keep,1,137
ORF1ab,3400,K,3400,I,Keep,1,137
ORF1ab,3400,K,3400,K,Delete,147,137
ORF1ab,3400,K,3400,N,Keep,1,137
ORF1ab,3400,K,3400,R,Keep,1,137
ORF1ab,3401,G,3401,A,Keep,1,138
ORF1ab,3401,G,3401,D,Keep,1,138
ORF1ab,3401,G,3401,E,Keep,1,138
ORF1ab,3401,G,3401,G,Delete,38,138
ORF1ab,3401,G,3401,R,Keep,2,138
ORF1ab,3401,G,3401,S,Keep,4,138
ORF1ab,3401,G,3401,V,Keep,2,138
ORF1ab,3402,S,3402,*,Keep,1,139
ORF1ab,3402,S,3402,A,Keep,7,139
ORF1ab,3402,S,3402,L,Keep,7,139
ORF1ab,3402,S,3402,P,Keep,3,139
ORF1ab,3402,S,3402,S,Delete,216,139
ORF1ab,3402,S,3402,T,Keep,2,139
ORF1ab,3403,F,3403,F,Delete,172,140
ORF1ab,3403,F,3403,L,Keep,3,140
ORF1ab,3403,F,3403,S,Keep,2,140
ORF1ab,3403,F,3403,T,Keep,1,140
ORF1ab,3404,L,3404,F,Keep,4,141
ORF1ab,3404,L,3404,I,Keep,3,141
ORF1ab,3404,L,3404,L,Delete,27,141
ORF1ab,3404,L,3404,P,Keep,1,141
ORF1ab,3404,L,3404,R,Keep,1,141
ORF1ab,3405,N,3405,D,Keep,39,142
ORF1ab,3405,N,3405,K,Keep,3,142
ORF1ab,3405,N,3405,L,Keep,2,142
ORF1ab,3405,N,3405,N,Delete,197,142
ORF1ab,3405,N,3405,S,Keep,34,142
ORF1ab,3405,N,3405,T,Keep,3,142
ORF1ab,3405,N,3405,Y,Keep,1,142
ORF1ab,3406,G,3406,C,Keep,1,143
ORF1ab,3406,G,3406,G,Delete,26,143
ORF1ab,3406,G,3406,S,Keep,2,143
ORF1ab,3407,S,3407,A,Keep,5,144
ORF1ab,3407,S,3407,E,Keep,1,144
ORF1ab,3407,S,3407,L,Keep,6,144
ORF1ab,3407,S,3407,P,Keep,1,144
ORF1ab,3407,S,3407,S,Delete,143,144
ORF1ab,3408,C,3408,C,Delete,29,145
ORF1ab,3408,C,3408,I,Keep,1,145
ORF1ab,3408,C,3408,R,Keep,1,145
ORF1ab,3408,C,3408,Y,Keep,1,145
ORF1ab,3409,G,3409,A,Keep,1,146
ORF1ab,3409,G,3409,C,Keep,1,146
ORF1ab,3409,G,3409,D,Keep,1,146
ORF1ab,3409,G,3409,G,Delete,12,146
ORF1ab,3409,G,3409,N,Keep,1,146
ORF1ab,3409,G,3409,V,Keep,3,146
ORF1ab,3410,S,3410,G,Keep,5,147
ORF1ab,3410,S,3410,I,Keep,4,147
ORF1ab,3410,S,3410,R,Keep,2,147
ORF1ab,3410,S,3410,S,Delete,21,147
ORF1ab,3411,I,3411,V,Keep,1,148
ORF1ab,3411,V,3411,A,Keep,27,148
ORF1ab,3411,V,3411,D,Keep,1,148
ORF1ab,3411,V,3411,F,Keep,2,148
ORF1ab,3411,V,3411,I,Keep,36,148
ORF1ab,3411,V,3411,L,Keep,1,148
ORF1ab,3411,V,3411,V,Delete,44,148
ORF1ab,3412,G,3412,A,Keep,1,149
ORF1ab,3412,G,3412,C,Keep,1,149
ORF1ab,3412,G,3412,G,Delete,38,149
ORF1ab,3412,G,3412,R,Keep,1,149
ORF1ab,3412,G,3412,S,Keep,1,149
ORF1ab,3412,G,3412,V,Keep,7,149
ORF1ab,3413,F,3413,F,Delete,28,150
ORF1ab,3413,F,3413,L,Keep,1,150
ORF1ab,3413,F,3413,V,Keep,1,150
ORF1ab,3413,F,3413,Y,Keep,1,150
ORF1ab,3414,D,3414,D,Delete,1,151
ORF1ab,3414,N,3414,D,Keep,7,151
ORF1ab,3414,N,3414,H,Keep,3,151
ORF1ab,3414,N,3414,I,Keep,4,151
ORF1ab,3414,N,3414,N,Delete,1614,151
ORF1ab,3414,N,3414,S,Keep,10,151
ORF1ab,3414,N,3414,T,Keep,1,151
ORF1ab,3414,N,3414,Y,Keep,6,151
ORF1ab,3415,I,3415,I,Delete,4,152
ORF1ab,3415,I,3415,L,Keep,6,152
ORF1ab,3415,I,3415,M,Keep,10,152
ORF1ab,3415,I,3415,T,Keep,18,152
ORF1ab,3415,I,3415,V,Keep,36,152
ORF1ab,3416,D,3416,D,Delete,83,153
ORF1ab,3416,D,3416,E,Keep,8,153
ORF1ab,3416,D,3416,G,Keep,78,153
ORF1ab,3416,D,3416,H,Keep,1,153
ORF1ab,3416,D,3416,N,Keep,11,153
ORF1ab,3416,D,3416,V,Keep,2,153
ORF1ab,3416,D,3416,Y,Keep,6,153
ORF1ab,3416,G,3416,D,Keep,1,153
ORF1ab,3417,Y,3417,*,Keep,1,154
ORF1ab,3417,Y,3417,C,Keep,7,154
ORF1ab,3417,Y,3417,H,Keep,1,154
ORF1ab,3417,Y,3417,Y,Delete,97,154
ORF1ab,3418,D,3418,A,Keep,8,155
ORF1ab,3418,D,3418,D,Delete,431,155
ORF1ab,3418,D,3418,E,Keep,28,155
ORF1ab,3418,D,3418,G,Keep,34,155
ORF1ab,3418,D,3418,H,Keep,8,155
ORF1ab,3418,D,3418,N,Keep,34,155
ORF1ab,3418,D,3418,T,Keep,1,155
ORF1ab,3418,D,3418,Y,Keep,4,155
ORF1ab,3419,C,3419,*,Keep,1,156
ORF1ab,3419,C,3419,C,Delete,80,156
ORF1ab,3419,C,3419,D,Keep,2,156
ORF1ab,3419,C,3419,F,Keep,32,156
ORF1ab,3419,C,3419,G,Keep,3,156
ORF1ab,3419,C,3419,R,Keep,39,156
ORF1ab,3419,C,3419,S,Keep,5,156
ORF1ab,3419,C,3419,W,Keep,6,156
ORF1ab,3419,C,3419,Y,Keep,64,156
ORF1ab,3419,Y,3419,C,Keep,2,156
ORF1ab,3420,V,3420,A,Keep,14,157
ORF1ab,3420,V,3420,F,Keep,17,157
ORF1ab,3420,V,3420,I,Keep,44,157
ORF1ab,3420,V,3420,L,Keep,462,157
ORF1ab,3420,V,3420,V,Delete,612,157
ORF1ab,3421,S,3421,A,Keep,12,158
ORF1ab,3421,S,3421,F,Keep,33,158
ORF1ab,3421,S,3421,S,Delete,99,158
ORF1ab,3421,S,3421,T,Keep,9,158
ORF1ab,3421,S,3421,Y,Keep,2,158
ORF1ab,3421,T,3421,S,Keep,1,158
ORF1ab,3422,F,3422,F,Delete,21,159
ORF1ab,3422,F,3422,I,Keep,2,159
ORF1ab,3422,F,3422,L,Keep,45,159
ORF1ab,3422,F,3422,S,Keep,3,159
ORF1ab,3422,F,3422,V,Keep,2,159
ORF1ab,3422,F,3422,Y,Keep,3,159
ORF1ab,3423,C,3423,C,Delete,34,160
ORF1ab,3423,C,3423,F,Keep,188,160
ORF1ab,3423,C,3423,G,Keep,1,160
ORF1ab,3423,C,3423,I,Keep,1,160
ORF1ab,3423,C,3423,S,Keep,10,160
ORF1ab,3423,C,3423,Y,Keep,101,160
ORF1ab,3423,F,3423,C,Keep,1,160
ORF1ab,3424,Y,3424,C,Keep,2,161
ORF1ab,3424,Y,3424,F,Keep,2,161
ORF1ab,3424,Y,3424,H,Keep,1,161
ORF1ab,3424,Y,3424,Y,Delete,813,161
ORF1ab,3425,I,3425,M,Keep,3,162
ORF1ab,3425,M,3425,I,Keep,249,162
ORF1ab,3425,M,3425,L,Keep,7,162
ORF1ab,3425,M,3425,T,Keep,2,162
ORF1ab,3425,M,3425,V,Keep,27,162
ORF1ab,3426,H,3426,A,Keep,1,163
ORF1ab,3426,H,3426,H,Delete,486,163
ORF1ab,3426,H,3426,Y,Keep,3,163
ORF1ab,3427,H,3427,H,Delete,87,164
ORF1ab,3427,H,3427,N,Keep,1,164
ORF1ab,3427,H,3427,R,Keep,2,164
ORF1ab,3428,M,3428,I,Keep,38,165
ORF1ab,3428,M,3428,L,Keep,3,165
ORF1ab,3428,M,3428,T,Keep,2,165
ORF1ab,3428,M,3428,V,Keep,3,165
ORF1ab,3428,M,3428,W,Keep,1,165
ORF1ab,3429,E,3429,*,Keep,2,166
ORF1ab,3429,E,3429,A,Keep,1,166
ORF1ab,3429,E,3429,E,Delete,91,166
ORF1ab,3429,E,3429,G,Keep,3,166
ORF1ab,3429,E,3429,Q,Keep,1,166
ORF1ab,3429,E,3429,V,Keep,2,166
ORF1ab,3430,L,3430,I,Keep,2,167
ORF1ab,3430,L,3430,L,Delete,150,167
ORF1ab,3431,P,3431,A,Keep,3,168
ORF1ab,3431,P,3431,L,Keep,7,168
ORF1ab,3431,P,3431,P,Delete,51,168
ORF1ab,3431,P,3431,Q,Keep,2,168
ORF1ab,3431,P,3431,R,Keep,1,168
ORF1ab,3431,P,3431,S,Keep,98,168
ORF1ab,3431,P,3431,T,Keep,2,168
ORF1ab,3432,S,3432,T,Keep,10,169
ORF1ab,3432,T,3432,A,Keep,17,169
ORF1ab,3432,T,3432,D,Keep,1,169
ORF1ab,3432,T,3432,I,Keep,97,169
ORF1ab,3432,T,3432,N,Keep,3,169
ORF1ab,3432,T,3432,P,Keep,4,169
ORF1ab,3432,T,3432,S,Keep,74,169
ORF1ab,3432,T,3432,T,Delete,152,169
ORF1ab,3433,G,3433,*,Keep,1,170
ORF1ab,3433,G,3433,A,Keep,4,170
ORF1ab,3433,G,3433,G,Delete,96,170
ORF1ab,3433,G,3433,R,Keep,11,170
ORF1ab,3433,G,3433,V,Keep,11,170
ORF1ab,3434,V,3434,A,Keep,2,171
ORF1ab,3434,V,3434,F,Keep,5,171
ORF1ab,3434,V,3434,I,Keep,49,171
ORF1ab,3434,V,3434,L,Keep,2,171
ORF1ab,3434,V,3434,V,Delete,112,171
ORF1ab,3435,H,3435,H,Delete,65,172
ORF1ab,3435,H,3435,N,Keep,1,172
ORF1ab,3435,H,3435,Q,Keep,1,172
ORF1ab,3435,H,3435,Y,Keep,4,172
ORF1ab,3436,A,3436,A,Delete,133,173
ORF1ab,3436,A,3436,D,Keep,2,173
ORF1ab,3436,A,3436,P,Keep,3,173
ORF1ab,3436,A,3436,S,Keep,18,173
ORF1ab,3436,A,3436,T,Keep,35,173
ORF1ab,3436,A,3436,V,Keep,85,173
ORF1ab,3437,G,3437,D,Keep,1,174
ORF1ab,3437,G,3437,G,Delete,247,174
ORF1ab,3437,G,3437,V,Keep,2,174
ORF1ab,3438,T,3438,A,Keep,4,175
ORF1ab,3438,T,3438,I,Keep,2,175
ORF1ab,3438,T,3438,S,Keep,1,175
ORF1ab,3438,T,3438,T,Delete,80,175
ORF1ab,3439,D,3439,D,Delete,1204,176
ORF1ab,3439,D,3439,E,Keep,2,176
ORF1ab,3439,D,3439,G,Keep,1,176
ORF1ab,3439,D,3439,H,Keep,1,176
ORF1ab,3439,D,3439,Y,Keep,3,176
ORF1ab,3440,L,3440,F,Keep,5,177
ORF1ab,3440,L,3440,I,Keep,6,177
ORF1ab,3440,L,3440,L,Delete,67,177
ORF1ab,3440,L,3440,V,Keep,6,177
ORF1ab,3441,E,3441,*,Keep,1,178
ORF1ab,3441,E,3441,A,Keep,8,178
ORF1ab,3441,E,3441,D,Keep,24,178
ORF1ab,3441,E,3441,E,Delete,45,178
ORF1ab,3441,E,3441,G,Keep,10,178
ORF1ab,3441,E,3441,Q,Keep,1,178
ORF1ab,3441,E,3441,V,Keep,1,178
ORF1ab,3442,G,3442,C,Keep,2,179
ORF1ab,3442,G,3442,G,Delete,34,179
ORF1ab,3442,G,3442,S,Keep,1,179
ORF1ab,3442,G,3442,V,Keep,3,179
ORF1ab,3443,N,3443,D,Keep,41,180
ORF1ab,3443,N,3443,H,Keep,1,180
ORF1ab,3443,N,3443,I,Keep,3,180
ORF1ab,3443,N,3443,K,Keep,27,180
ORF1ab,3443,N,3443,N,Delete,411,180
ORF1ab,3443,N,3443,S,Keep,17,180
ORF1ab,3443,N,3443,T,Keep,11,180
ORF1ab,3443,N,3443,V,Keep,2,180
ORF1ab,3443,N,3443,Y,Keep,5,180
ORF1ab,3444,F,3444,F,Delete,30,181
ORF1ab,3444,F,3444,L,Keep,13,181
ORF1ab,3444,F,3444,S,Keep,4,181
ORF1ab,3444,F,3444,V,Keep,2,181
ORF1ab,3445,H,3445,R,Keep,1,182
ORF1ab,3445,Y,3445,*,Keep,5,182
ORF1ab,3445,Y,3445,F,Keep,1,182
ORF1ab,3445,Y,3445,H,Keep,5,182
ORF1ab,3445,Y,3445,I,Keep,1,182
ORF1ab,3445,Y,3445,L,Keep,1,182
ORF1ab,3445,Y,3445,N,Keep,5,182
ORF1ab,3445,Y,3445,Y,Delete,205,182
ORF1ab,3446,G,3446,*,Keep,2,183
ORF1ab,3446,G,3446,A,Keep,1,183
ORF1ab,3446,G,3446,E,Keep,3,183
ORF1ab,3446,G,3446,G,Delete,55,183
ORF1ab,3446,G,3446,I,Keep,1,183
ORF1ab,3446,G,3446,K,Keep,1,183
ORF1ab,3446,G,3446,V,Keep,10,183
ORF1ab,3447,H,3447,P,Keep,3,184
ORF1ab,3447,P,3447,H,Keep,78,184
ORF1ab,3447,P,3447,L,Keep,454,184
ORF1ab,3447,P,3447,P,Delete,62,184
ORF1ab,3447,P,3447,R,Keep,1,184
ORF1ab,3447,P,3447,S,Keep,413,184
ORF1ab,3447,P,3447,T,Keep,21,184
ORF1ab,3447,S,3447,P,Keep,1,184
ORF1ab,3448,F,3448,F,Delete,29,185
ORF1ab,3448,F,3448,L,Keep,3,185
ORF1ab,3448,F,3448,S,Keep,3,185
ORF1ab,3448,F,3448,Y,Keep,3,185
ORF1ab,3449,F,3449,V,Keep,4,186
ORF1ab,3449,V,3449,A,Keep,12,186
ORF1ab,3449,V,3449,C,Keep,3,186
ORF1ab,3449,V,3449,F,Keep,163,186
ORF1ab,3449,V,3449,G,Keep,2,186
ORF1ab,3449,V,3449,I,Keep,74,186
ORF1ab,3449,V,3449,L,Keep,1,186
ORF1ab,3449,V,3449,V,Delete,80,186
ORF1ab,3450,D,3450,A,Keep,3,187
ORF1ab,3450,D,3450,C,Keep,3,187
ORF1ab,3450,D,3450,D,Delete,968,187
ORF1ab,3450,D,3450,E,Keep,12,187
ORF1ab,3450,D,3450,F,Keep,2,187
ORF1ab,3450,D,3450,G,Keep,13,187
ORF1ab,3450,D,3450,H,Keep,1,187
ORF1ab,3450,D,3450,I,Keep,1,187
ORF1ab,3450,D,3450,N,Keep,1,187
ORF1ab,3450,D,3450,V,Keep,2,187
ORF1ab,3450,D,3450,Y,Keep,22,187
ORF1ab,3451,*,3451,E,Delete,1,188
ORF1ab,3451,E,3451,D,Keep,1,188
ORF1ab,3451,H,3451,F,Keep,1,188
ORF1ab,3451,K,3451,D,Keep,1,188
ORF1ab,3451,K,3451,N,Keep,2,188
ORF1ab,3451,K,3451,Q,Keep,1,188
ORF1ab,3451,L,3451,*,Keep,1,188
ORF1ab,3451,Q,3451,H,Keep,1,188
ORF1ab,3451,Q,3451,R,Keep,1,188
ORF1ab,3451,R,3451,A,Keep,1,188
ORF1ab,3451,R,3451,E,Keep,2,188
ORF1ab,3451,R,3451,G,Keep,7,188
ORF1ab,3451,R,3451,H,Keep,2,188
ORF1ab,3451,R,3451,I,Keep,3,188
ORF1ab,3451,R,3451,K,Keep,71,188
ORF1ab,3451,R,3451,L,Keep,4,188
ORF1ab,3451,R,3451,M,Keep,5,188
ORF1ab,3451,R,3451,N,Keep,1,188
ORF1ab,3451,R,3451,P,Keep,2,188
ORF1ab,3451,R,3451,Q,Keep,2,188
ORF1ab,3451,R,3451,R,Delete,226,188
ORF1ab,3451,R,3451,S,Keep,26,188
ORF1ab,3451,R,3451,T,Keep,4,188
ORF1ab,3451,R,3451,W,Keep,3,188
ORF1ab,3451,S,3451,V,Keep,1,188
ORF1ab,3451,T,3451,V,Keep,1,188
ORF1ab,3451,W,3451,F,Keep,1,188
ORF1ab,3452,*,3452,*,Delete,1,189
ORF1ab,3452,*,3452,L,Delete,2,189
ORF1ab,3452,*,3452,Y,Delete,1,189
ORF1ab,3452,A,3452,V,Keep,1,189
ORF1ab,3452,E,3452,A,Keep,1,189
ORF1ab,3452,E,3452,V,Keep,1,189
ORF1ab,3452,K,3452,I,Keep,2,189
ORF1ab,3452,K,3452,K,Delete,1,189
ORF1ab,3452,K,3452,S,Keep,1,189
ORF1ab,3452,L,3452,F,Keep,1,189
ORF1ab,3452,L,3452,L,Delete,3,189
ORF1ab,3452,P,3452,A,Keep,1,189
ORF1ab,3452,P,3452,G,Keep,1,189
ORF1ab,3452,P,3452,S,Keep,1,189
ORF1ab,3452,Q,3452,*,Keep,6,189
ORF1ab,3452,Q,3452,A,Keep,1,189
ORF1ab,3452,Q,3452,C,Keep,1,189
ORF1ab,3452,Q,3452,E,Keep,1,189
ORF1ab,3452,Q,3452,G,Keep,1,189
ORF1ab,3452,Q,3452,H,Keep,8,189
ORF1ab,3452,Q,3452,K,Keep,18,189
ORF1ab,3452,Q,3452,L,Keep,9,189
ORF1ab,3452,Q,3452,P,Keep,5,189
ORF1ab,3452,Q,3452,Q,Delete,42,189
ORF1ab,3452,Q,3452,R,Keep,12,189
ORF1ab,3452,Q,3452,S,Keep,2,189
ORF1ab,3452,Q,3452,V,Keep,2,189
ORF1ab,3452,Q,3452,W,Keep,1,189
ORF1ab,3452,R,3452,G,Keep,1,189
ORF1ab,3452,S,3452,S,Delete,2,189
ORF1ab,3453,*,3453,C,Delete,1,190
ORF1ab,3453,*,3453,Y,Delete,1,190
ORF1ab,3453,A,3453,A,Delete,1,190
ORF1ab,3453,A,3453,D,Keep,1,190
ORF1ab,3453,A,3453,S,Keep,2,190
ORF1ab,3453,A,3453,V,Keep,2,190
ORF1ab,3453,G,3453,V,Keep,1,190
ORF1ab,3453,G,3453,W,Keep,1,190
ORF1ab,3453,I,3453,I,Delete,1,190
ORF1ab,3453,I,3453,T,Keep,1,190
ORF1ab,3453,I,3453,V,Keep,1,190
ORF1ab,3453,K,3453,*,Keep,1,190
ORF1ab,3453,K,3453,K,Delete,1,190
ORF1ab,3453,K,3453,N,Keep,2,190
ORF1ab,3453,Q,3453,H,Keep,1,190
ORF1ab,3453,S,3453,C,Keep,1,190
ORF1ab,3453,T,3453,*,Keep,1,190
ORF1ab,3453,T,3453,A,Keep,23,190
ORF1ab,3453,T,3453,C,Keep,2,190
ORF1ab,3453,T,3453,F,Keep,1,190
ORF1ab,3453,T,3453,G,Keep,3,190
ORF1ab,3453,T,3453,I,Keep,347,190
ORF1ab,3453,T,3453,K,Keep,9,190
ORF1ab,3453,T,3453,L,Keep,7,190
ORF1ab,3453,T,3453,M,Keep,3,190
ORF1ab,3453,T,3453,Q,Keep,1,190
ORF1ab,3453,T,3453,R,Keep,4,190
ORF1ab,3453,T,3453,S,Keep,5,190
ORF1ab,3453,T,3453,T,Delete,117,190
ORF1ab,3453,T,3453,V,Keep,2,190
ORF1ab,3453,T,3453,W,Keep,1,190
ORF1ab,3453,T,3453,Y,Keep,1,190
ORF1ab,3453,V,3453,F,Keep,1,190
ORF1ab,3453,V,3453,V,Delete,2,190
ORF1ab,3453,W,3453,R,Keep,1,190
ORF1ab,3454,*,3454,*,Delete,1,191
ORF1ab,3454,*,3454,S,Delete,1,191
ORF1ab,3454,A,3454,*,Keep,1,191
ORF1ab,3454,A,3454,A,Delete,71,191
ORF1ab,3454,A,3454,D,Keep,2,191
ORF1ab,3454,A,3454,E,Keep,3,191
ORF1ab,3454,A,3454,F,Keep,1,191
ORF1ab,3454,A,3454,G,Keep,10,191
ORF1ab,3454,A,3454,H,Keep,1,191
ORF1ab,3454,A,3454,I,Keep,1,191
ORF1ab,3454,A,3454,K,Keep,1,191
ORF1ab,3454,A,3454,L,Keep,4,191
ORF1ab,3454,A,3454,N,Keep,1,191
ORF1ab,3454,A,3454,P,Keep,6,191
ORF1ab,3454,A,3454,Q,Keep,1,191
ORF1ab,3454,A,3454,R,Keep,3,191
ORF1ab,3454,A,3454,S,Keep,48,191
ORF1ab,3454,A,3454,T,Keep,144,191
ORF1ab,3454,A,3454,V,Keep,1128,191
ORF1ab,3454,A,3454,W,Keep,3,191
ORF1ab,3454,D,3454,A,Keep,1,191
ORF1ab,3454,D,3454,E,Keep,1,191
ORF1ab,3454,D,3454,G,Keep,1,191
ORF1ab,3454,D,3454,H,Keep,1,191
ORF1ab,3454,D,3454,N,Keep,1,191
ORF1ab,3454,E,3454,A,Keep,1,191
ORF1ab,3454,E,3454,D,Keep,1,191
ORF1ab,3454,E,3454,K,Keep,1,191
ORF1ab,3454,E,3454,Q,Keep,1,191
ORF1ab,3454,F,3454,S,Keep,1,191
ORF1ab,3454,G,3454,A,Keep,1,191
ORF1ab,3454,G,3454,G,Delete,1,191
ORF1ab,3454,G,3454,M,Keep,1,191
ORF1ab,3454,G,3454,R,Keep,3,191
ORF1ab,3454,G,3454,V,Keep,3,191
ORF1ab,3454,G,3454,W,Keep,2,191
ORF1ab,3454,I,3454,H,Keep,1,191
ORF1ab,3454,I,3454,I,Delete,2,191
ORF1ab,3454,I,3454,L,Keep,2,191
ORF1ab,3454,I,3454,N,Keep,1,191
ORF1ab,3454,K,3454,H,Keep,1,191
ORF1ab,3454,L,3454,L,Delete,2,191
ORF1ab,3454,L,3454,V,Keep,1,191
ORF1ab,3454,N,3454,K,Keep,1,191
ORF1ab,3454,N,3454,T,Keep,1,191
ORF1ab,3454,N,3454,Y,Keep,1,191
ORF1ab,3454,P,3454,A,Keep,2,191
ORF1ab,3454,P,3454,H,Keep,1,191
ORF1ab,3454,P,3454,L,Keep,3,191
ORF1ab,3454,P,3454,P,Delete,1,191
ORF1ab,3454,P,3454,Q,Keep,1,191
ORF1ab,3454,P,3454,S,Keep,2,191
ORF1ab,3454,P,3454,T,Keep,2,191
ORF1ab,3454,R,3454,M,Keep,1,191
ORF1ab,3454,R,3454,W,Keep,1,191
ORF1ab,3454,S,3454,A,Keep,1,191
ORF1ab,3454,S,3454,I,Keep,1,191
ORF1ab,3454,S,3454,K,Keep,1,191
ORF1ab,3454,S,3454,S,Delete,1,191
ORF1ab,3454,S,3454,T,Keep,1,191
ORF1ab,3454,T,3454,A,Keep,1,191
ORF1ab,3454,T,3454,I,Keep,1,191
ORF1ab,3454,T,3454,L,Keep,1,191
ORF1ab,3454,T,3454,Q,Keep,1,191
ORF1ab,3454,T,3454,R,Keep,2,191
ORF1ab,3454,T,3454,T,Delete,2,191
ORF1ab,3454,T,3454,W,Keep,1,191
ORF1ab,3454,V,3454,A,Keep,6,191
ORF1ab,3454,V,3454,I,Keep,1,191
ORF1ab,3454,V,3454,L,Keep,4,191
ORF1ab,3454,V,3454,V,Delete,4,191
ORF1ab,3454,W,3454,*,Keep,1,191
ORF1ab,3454,W,3454,A,Keep,1,191
ORF1ab,3454,W,3454,C,Keep,1,191
ORF1ab,3454,W,3454,F,Keep,1,191
ORF1ab,3454,W,3454,G,Keep,5,191
ORF1ab,3454,W,3454,K,Keep,1,191
ORF1ab,3454,W,3454,M,Keep,1,191
ORF1ab,3454,W,3454,R,Keep,3,191
ORF1ab,3454,W,3454,S,Keep,2,191
ORF1ab,3454,W,3454,T,Keep,1,191
ORF1ab,3455,*,3455,C,Delete,1,192
ORF1ab,3455,*,3455,S,Delete,1,192
ORF1ab,3455,A,3455,A,Delete,1,192
ORF1ab,3455,A,3455,D,Keep,1,192
ORF1ab,3455,A,3455,E,Keep,1,192
ORF1ab,3455,A,3455,I,Keep,1,192
ORF1ab,3455,A,3455,P,Keep,2,192
ORF1ab,3455,A,3455,Q,Keep,2,192
ORF1ab,3455,A,3455,R,Keep,1,192
ORF1ab,3455,A,3455,S,Keep,2,192
ORF1ab,3455,A,3455,V,Keep,1,192
ORF1ab,3455,A,3455,W,Keep,1,192
ORF1ab,3455,C,3455,L,Keep,1,192
ORF1ab,3455,E,3455,A,Keep,1,192
ORF1ab,3455,E,3455,C,Keep,1,192
ORF1ab,3455,E,3455,D,Keep,1,192
ORF1ab,3455,E,3455,G,Keep,2,192
ORF1ab,3455,E,3455,V,Keep,2,192
ORF1ab,3455,F,3455,L,Keep,1,192
ORF1ab,3455,F,3455,Y,Keep,2,192
ORF1ab,3455,G,3455,V,Keep,1,192
ORF1ab,3455,H,3455,C,Keep,1,192
ORF1ab,3455,H,3455,S,Keep,1,192
ORF1ab,3455,H,3455,V,Keep,1,192
ORF1ab,3455,K,3455,*,Keep,2,192
ORF1ab,3455,K,3455,I,Keep,1,192
ORF1ab,3455,K,3455,K,Delete,5,192
ORF1ab,3455,K,3455,L,Keep,1,192
ORF1ab,3455,K,3455,N,Keep,4,192
ORF1ab,3455,K,3455,Q,Keep,1,192
ORF1ab,3455,K,3455,S,Keep,1,192
ORF1ab,3455,K,3455,V,Keep,1,192
ORF1ab,3455,K,3455,Y,Keep,1,192
ORF1ab,3455,L,3455,F,Keep,3,192
ORF1ab,3455,L,3455,L,Delete,2,192
ORF1ab,3455,L,3455,V,Keep,2,192
ORF1ab,3455,N,3455,K,Keep,1,192
ORF1ab,3455,N,3455,S,Keep,2,192
ORF1ab,3455,N,3455,T,Keep,1,192
ORF1ab,3455,P,3455,A,Keep,2,192
ORF1ab,3455,P,3455,H,Keep,1,192
ORF1ab,3455,P,3455,L,Keep,1,192
ORF1ab,3455,P,3455,P,Delete,3,192
ORF1ab,3455,Q,3455,*,Keep,8,192
ORF1ab,3455,Q,3455,A,Keep,5,192
ORF1ab,3455,Q,3455,C,Keep,1,192
ORF1ab,3455,Q,3455,D,Keep,1,192
ORF1ab,3455,Q,3455,E,Keep,4,192
ORF1ab,3455,Q,3455,F,Keep,1,192
ORF1ab,3455,Q,3455,H,Keep,8,192
ORF1ab,3455,Q,3455,I,Keep,3,192
ORF1ab,3455,Q,3455,K,Keep,10,192
ORF1ab,3455,Q,3455,L,Keep,8,192
ORF1ab,3455,Q,3455,N,Keep,1,192
ORF1ab,3455,Q,3455,P,Keep,9,192
ORF1ab,3455,Q,3455,Q,Delete,74,192
ORF1ab,3455,Q,3455,R,Keep,11,192
ORF1ab,3455,Q,3455,S,Keep,3,192
ORF1ab,3455,Q,3455,T,Keep,5,192
ORF1ab,3455,Q,3455,V,Keep,1,192
ORF1ab,3455,Q,3455,W,Keep,3,192
ORF1ab,3455,Q,3455,Y,Keep,1,192
ORF1ab,3455,R,3455,*,Keep,1,192
ORF1ab,3455,R,3455,G,Keep,2,192
ORF1ab,3455,R,3455,K,Keep,1,192
ORF1ab,3455,R,3455,L,Keep,2,192
ORF1ab,3455,R,3455,R,Delete,3,192
ORF1ab,3455,R,3455,S,Keep,3,192
ORF1ab,3455,R,3455,T,Keep,1,192
ORF1ab,3455,T,3455,S,Keep,1,192
ORF1ab,3455,T,3455,T,Delete,1,192
ORF1ab,3455,T,3455,V,Keep,1,192
ORF1ab,3455,V,3455,L,Keep,1,192
ORF1ab,3455,V,3455,V,Delete,1,192
ORF1ab,3455,W,3455,C,Keep,1,192
ORF1ab,3455,W,3455,Q,Keep,1,192
ORF1ab,3455,Y,3455,C,Keep,1,192
ORF1ab,3456,A,3456,*,Keep,1,193
ORF1ab,3456,A,3456,A,Delete,94,193
ORF1ab,3456,A,3456,C,Keep,1,193
ORF1ab,3456,A,3456,D,Keep,2,193
ORF1ab,3456,A,3456,E,Keep,8,193
ORF1ab,3456,A,3456,G,Keep,4,193
ORF1ab,3456,A,3456,K,Keep,1,193
ORF1ab,3456,A,3456,L,Keep,3,193
ORF1ab,3456,A,3456,N,Keep,1,193
ORF1ab,3456,A,3456,P,Keep,20,193
ORF1ab,3456,A,3456,Q,Keep,2,193
ORF1ab,3456,A,3456,S,Keep,40,193
ORF1ab,3456,A,3456,T,Keep,138,193
ORF1ab,3456,A,3456,V,Keep,347,193
ORF1ab,3456,A,3456,W,Keep,1,193
ORF1ab,3456,D,3456,N,Keep,1,193
ORF1ab,3456,D,3456,V,Keep,1,193
ORF1ab,3456,E,3456,Q,Keep,1,193
ORF1ab,3456,F,3456,C,Keep,1,193
ORF1ab,3456,I,3456,E,Keep,1,193
ORF1ab,3456,I,3456,I,Delete,1,193
ORF1ab,3456,I,3456,K,Keep,1,193
ORF1ab,3456,I,3456,M,Keep,1,193
ORF1ab,3456,K,3456,E,Keep,1,193
ORF1ab,3456,K,3456,K,Delete,1,193
ORF1ab,3456,K,3456,N,Keep,1,193
ORF1ab,3456,K,3456,Q,Keep,1,193
ORF1ab,3456,K,3456,T,Keep,3,193
ORF1ab,3456,L,3456,C,Keep,1,193
ORF1ab,3456,L,3456,F,Keep,1,193
ORF1ab,3456,L,3456,I,Keep,1,193
ORF1ab,3456,L,3456,L,Delete,1,193
ORF1ab,3456,L,3456,V,Keep,1,193
ORF1ab,3456,N,3456,C,Keep,1,193
ORF1ab,3456,N,3456,K,Keep,2,193
ORF1ab,3456,N,3456,T,Keep,1,193
ORF1ab,3456,P,3456,L,Keep,2,193
ORF1ab,3456,P,3456,P,Delete,1,193
ORF1ab,3456,P,3456,Q,Keep,2,193
ORF1ab,3456,P,3456,R,Keep,1,193
ORF1ab,3456,P,3456,S,Keep,1,193
ORF1ab,3456,P,3456,T,Keep,1,193
ORF1ab,3456,R,3456,K,Keep,1,193
ORF1ab,3456,R,3456,S,Keep,1,193
ORF1ab,3456,R,3456,W,Keep,1,193
ORF1ab,3456,S,3456,*,Keep,1,193
ORF1ab,3456,S,3456,F,Keep,1,193
ORF1ab,3456,S,3456,L,Keep,1,193
ORF1ab,3456,S,3456,S,Delete,1,193
ORF1ab,3456,T,3456,I,Keep,1,193
ORF1ab,3456,T,3456,K,Keep,6,193
ORF1ab,3456,T,3456,P,Keep,3,193
ORF1ab,3456,T,3456,Q,Keep,1,193
ORF1ab,3456,T,3456,R,Keep,2,193
ORF1ab,3456,T,3456,S,Keep,3,193
ORF1ab,3456,T,3456,T,Delete,2,193
ORF1ab,3456,T,3456,V,Keep,2,193
ORF1ab,3456,V,3456,A,Keep,6,193
ORF1ab,3456,V,3456,F,Keep,1,193
ORF1ab,3456,V,3456,G,Keep,1,193
ORF1ab,3456,V,3456,K,Keep,1,193
ORF1ab,3456,V,3456,L,Keep,3,193
ORF1ab,3456,V,3456,Q,Keep,1,193
ORF1ab,3456,V,3456,S,Keep,1,193
ORF1ab,3456,V,3456,V,Delete,4,193
ORF1ab,3457,*,3457,Q,Delete,1,194
ORF1ab,3457,*,3457,S,Delete,1,194
ORF1ab,3457,A,3457,*,Keep,1,194
ORF1ab,3457,A,3457,A,Delete,163,194
ORF1ab,3457,A,3457,D,Keep,8,194
ORF1ab,3457,A,3457,E,Keep,2,194
ORF1ab,3457,A,3457,G,Keep,16,194
ORF1ab,3457,A,3457,H,Keep,1,194
ORF1ab,3457,A,3457,I,Keep,1,194
ORF1ab,3457,A,3457,K,Keep,1,194
ORF1ab,3457,A,3457,L,Keep,3,194
ORF1ab,3457,A,3457,N,Keep,1,194
ORF1ab,3457,A,3457,P,Keep,6,194
ORF1ab,3457,A,3457,Q,Keep,1,194
ORF1ab,3457,A,3457,S,Keep,45,194
ORF1ab,3457,A,3457,T,Keep,39,194
ORF1ab,3457,A,3457,V,Keep,88,194
ORF1ab,3457,A,3457,W,Keep,1,194
ORF1ab,3457,A,3457,Y,Keep,1,194
ORF1ab,3457,D,3457,A,Keep,2,194
ORF1ab,3457,D,3457,G,Keep,1,194
ORF1ab,3457,D,3457,K,Keep,1,194
ORF1ab,3457,D,3457,N,Keep,1,194
ORF1ab,3457,D,3457,V,Keep,1,194
ORF1ab,3457,F,3457,F,Delete,1,194
ORF1ab,3457,F,3457,I,Keep,2,194
ORF1ab,3457,F,3457,Y,Keep,1,194
ORF1ab,3457,G,3457,A,Keep,6,194
ORF1ab,3457,G,3457,D,Keep,2,194
ORF1ab,3457,G,3457,F,Keep,1,194
ORF1ab,3457,G,3457,G,Delete,7,194
ORF1ab,3457,G,3457,R,Keep,2,194
ORF1ab,3457,G,3457,T,Keep,1,194
ORF1ab,3457,G,3457,W,Keep,1,194
ORF1ab,3457,I,3457,D,Keep,1,194
ORF1ab,3457,I,3457,L,Keep,1,194
ORF1ab,3457,I,3457,V,Keep,1,194
ORF1ab,3457,K,3457,M,Keep,1,194
ORF1ab,3457,N,3457,*,Keep,1,194
ORF1ab,3457,N,3457,I,Keep,1,194
ORF1ab,3457,R,3457,F,Keep,1,194
ORF1ab,3457,S,3457,A,Keep,3,194
ORF1ab,3457,S,3457,F,Keep,2,194
ORF1ab,3457,S,3457,L,Keep,1,194
ORF1ab,3457,S,3457,S,Delete,1,194
ORF1ab,3457,T,3457,A,Keep,1,194
ORF1ab,3457,T,3457,N,Keep,1,194
ORF1ab,3457,T,3457,P,Keep,1,194
ORF1ab,3457,T,3457,T,Delete,2,194
ORF1ab,3457,V,3457,A,Keep,2,194
ORF1ab,3457,V,3457,C,Keep,1,194
ORF1ab,3457,V,3457,F,Keep,1,194
ORF1ab,3457,V,3457,I,Keep,1,194
ORF1ab,3457,V,3457,V,Delete,4,194
ORF1ab,3457,Y,3457,*,Keep,1,194
ORF1ab,3457,Y,3457,N,Keep,1,194
ORF1ab,3458,*,3458,L,Delete,2,195
ORF1ab,3458,*,3458,S,Delete,1,195
ORF1ab,3458,C,3458,A,Keep,1,195
ORF1ab,3458,C,3458,C,Delete,1,195
ORF1ab,3458,C,3458,D,Keep,1,195
ORF1ab,3458,C,3458,L,Keep,1,195
ORF1ab,3458,C,3458,R,Keep,2,195
ORF1ab,3458,C,3458,V,Keep,1,195
ORF1ab,3458,C,3458,W,Keep,2,195
ORF1ab,3458,C,3458,Y,Keep,4,195
ORF1ab,3458,D,3458,A,Keep,2,195
ORF1ab,3458,D,3458,D,Delete,4,195
ORF1ab,3458,D,3458,E,Keep,7,195
ORF1ab,3458,D,3458,F,Keep,1,195
ORF1ab,3458,D,3458,G,Keep,14,195
ORF1ab,3458,D,3458,I,Keep,1,195
ORF1ab,3458,D,3458,K,Keep,1,195
ORF1ab,3458,D,3458,N,Keep,18,195
ORF1ab,3458,D,3458,Q,Keep,1,195
ORF1ab,3458,D,3458,V,Keep,5,195
ORF1ab,3458,D,3458,Y,Keep,9,195
ORF1ab,3458,E,3458,A,Keep,1,195
ORF1ab,3458,G,3458,*,Keep,1,195
ORF1ab,3458,G,3458,A,Keep,10,195
ORF1ab,3458,G,3458,C,Keep,15,195
ORF1ab,3458,G,3458,D,Keep,68,195
ORF1ab,3458,G,3458,E,Keep,7,195
ORF1ab,3458,G,3458,F,Keep,1,195
ORF1ab,3458,G,3458,G,Delete,96,195
ORF1ab,3458,G,3458,H,Keep,1,195
ORF1ab,3458,G,3458,I,Keep,1,195
ORF1ab,3458,G,3458,K,Keep,3,195
ORF1ab,3458,G,3458,L,Keep,7,195
ORF1ab,3458,G,3458,N,Keep,13,195
ORF1ab,3458,G,3458,P,Keep,5,195
ORF1ab,3458,G,3458,R,Keep,5,195
ORF1ab,3458,G,3458,S,Keep,47,195
ORF1ab,3458,G,3458,T,Keep,3,195
ORF1ab,3458,G,3458,V,Keep,11,195
ORF1ab,3458,G,3458,W,Keep,2,195
ORF1ab,3458,G,3458,Y,Keep,4,195
ORF1ab,3458,L,3458,I,Keep,1,195
ORF1ab,3458,N,3458,D,Keep,1,195
ORF1ab,3458,N,3458,H,Keep,1,195
ORF1ab,3458,N,3458,I,Keep,1,195
ORF1ab,3458,N,3458,K,Keep,2,195
ORF1ab,3458,N,3458,M,Keep,1,195
ORF1ab,3458,N,3458,R,Keep,1,195
ORF1ab,3458,N,3458,S,Keep,1,195
ORF1ab,3458,N,3458,Y,Keep,6,195
ORF1ab,3458,R,3458,H,Keep,1,195
ORF1ab,3458,R,3458,P,Keep,1,195
ORF1ab,3458,R,3458,R,Delete,1,195
ORF1ab,3458,S,3458,G,Keep,2,195
ORF1ab,3458,T,3458,I,Keep,1,195
ORF1ab,3458,T,3458,N,Keep,1,195
ORF1ab,3458,T,3458,P,Keep,1,195
ORF1ab,3458,T,3458,T,Delete,1,195
ORF1ab,3458,W,3458,L,Keep,1,195
ORF1ab,3458,W,3458,R,Keep,1,195
ORF1ab,3459,M,3459,T,Keep,13,196
ORF1ab,3459,T,3459,A,Keep,48,196
ORF1ab,3459,T,3459,K,Keep,1,196
ORF1ab,3459,T,3459,M,Keep,294,196
ORF1ab,3459,T,3459,R,Keep,1,196
ORF1ab,3459,T,3459,S,Keep,2,196
ORF1ab,3459,T,3459,T,Delete,920,196
ORF1ab,3460,D,3460,C,Keep,1,197
ORF1ab,3460,D,3460,D,Delete,439,197
ORF1ab,3460,D,3460,E,Keep,6,197
ORF1ab,3460,D,3460,G,Keep,1,197
ORF1ab,3460,D,3460,H,Keep,1,197
ORF1ab,3460,D,3460,N,Keep,43,197
ORF1ab,3460,D,3460,V,Keep,1,197
ORF1ab,3460,D,3460,W,Keep,1,197
ORF1ab,3460,D,3460,Y,Keep,9,197
ORF1ab,3461,I,3461,T,Keep,3,198
ORF1ab,3461,T,3461,A,Keep,87,198
ORF1ab,3461,T,3461,I,Keep,224,198
ORF1ab,3461,T,3461,K,Keep,3,198
ORF1ab,3461,T,3461,R,Keep,1,198
ORF1ab,3461,T,3461,S,Keep,4,198
ORF1ab,3461,T,3461,T,Delete,44,198
ORF1ab,3462,T,3462,A,Keep,39,199
ORF1ab,3462,T,3462,H,Keep,1,199
ORF1ab,3462,T,3462,I,Keep,120,199
ORF1ab,3462,T,3462,N,Keep,10,199
ORF1ab,3462,T,3462,P,Keep,2,199
ORF1ab,3462,T,3462,T,Delete,22,199
ORF1ab,3462,T,3462,V,Keep,1,199
ORF1ab,3463,I,3463,I,Delete,63,200
ORF1ab,3463,I,3463,S,Keep,1,200
ORF1ab,3463,I,3463,T,Keep,2,200
ORF1ab,3463,I,3463,V,Keep,10,200
ORF1ab,3464,T,3464,A,Keep,11,201
ORF1ab,3464,T,3464,I,Keep,2,201
ORF1ab,3464,T,3464,T,Delete,32,201
ORF1ab,3465,L,3465,F,Keep,1,202
ORF1ab,3465,V,3465,A,Keep,8,202
ORF1ab,3465,V,3465,F,Keep,14,202
ORF1ab,3465,V,3465,I,Keep,41,202
ORF1ab,3465,V,3465,L,Keep,2,202
ORF1ab,3465,V,3465,P,Keep,1,202
ORF1ab,3465,V,3465,S,Keep,1,202
ORF1ab,3465,V,3465,V,Delete,63,202
ORF1ab,3466,N,3466,N,Delete,62,203
ORF1ab,3466,N,3466,S,Keep,2,203
ORF1ab,3466,N,3466,Y,Keep,2,203
ORF1ab,3467,A,3467,V,Keep,1,204
ORF1ab,3467,V,3467,A,Keep,226,204
ORF1ab,3467,V,3467,I,Keep,25,204
ORF1ab,3467,V,3467,V,Delete,57,204
ORF1ab,3468,L,3468,I,Keep,3,205
ORF1ab,3468,L,3468,L,Delete,71,205
ORF1ab,3468,L,3468,V,Keep,10,205
ORF1ab,3468,V,3468,I,Keep,1,205
ORF1ab,3468,V,3468,L,Keep,9,205
ORF1ab,3469,A,3469,A,Delete,56,206
ORF1ab,3469,A,3469,G,Keep,1,206
ORF1ab,3469,A,3469,P,Keep,2,206
ORF1ab,3469,A,3469,S,Keep,17,206
ORF1ab,3469,A,3469,V,Keep,2,206
ORF1ab,3470,W,3470,C,Keep,7,207
ORF1ab,3470,W,3470,R,Keep,1,207
ORF1ab,3471,F,3471,L,Keep,1,208
ORF1ab,3471,L,3471,F,Keep,6,208
ORF1ab,3471,L,3471,L,Delete,96,208
ORF1ab,3471,L,3471,S,Keep,2,208
ORF1ab,3471,L,3471,V,Keep,1,208
ORF1ab,3471,L,3471,W,Keep,1,208
ORF1ab,3472,Y,3472,F,Keep,1,209
ORF1ab,3472,Y,3472,Y,Delete,654,209
ORF1ab,3473,A,3473,A,Delete,109,210
ORF1ab,3473,A,3473,G,Keep,1,210
ORF1ab,3473,A,3473,P,Keep,1,210
ORF1ab,3473,A,3473,S,Keep,6,210
ORF1ab,3473,A,3473,T,Keep,5,210
ORF1ab,3473,A,3473,V,Keep,9,210
ORF1ab,3474,A,3474,A,Delete,79,211
ORF1ab,3474,A,3474,G,Keep,1,211
ORF1ab,3474,A,3474,S,Keep,16,211
ORF1ab,3474,A,3474,T,Keep,2,211
ORF1ab,3475,F,3475,V,Keep,1,212
ORF1ab,3475,I,3475,V,Keep,3,212
ORF1ab,3475,V,3475,A,Keep,30,212
ORF1ab,3475,V,3475,C,Keep,1,212
ORF1ab,3475,V,3475,F,Keep,130,212
ORF1ab,3475,V,3475,I,Keep,155,212
ORF1ab,3475,V,3475,V,Delete,28,212
ORF1ab,3476,I,3476,I,Delete,9,213
ORF1ab,3476,I,3476,K,Keep,4,213
ORF1ab,3476,I,3476,L,Keep,4,213
ORF1ab,3476,I,3476,M,Keep,36,213
ORF1ab,3476,I,3476,T,Keep,112,213
ORF1ab,3476,I,3476,V,Keep,150,213
ORF1ab,3476,I,3476,Y,Keep,1,213
ORF1ab,3476,V,3476,I,Keep,11,213
ORF1ab,3477,N,3477,D,Keep,5,214
ORF1ab,3477,N,3477,I,Keep,4,214
ORF1ab,3477,N,3477,K,Keep,5,214
ORF1ab,3477,N,3477,N,Delete,139,214
ORF1ab,3477,N,3477,P,Keep,1,214
ORF1ab,3477,N,3477,S,Keep,2,214
ORF1ab,3477,N,3477,T,Keep,14,214
ORF1ab,3478,G,3478,*,Keep,5,215
ORF1ab,3478,G,3478,A,Keep,2,215
ORF1ab,3478,G,3478,E,Keep,13,215
ORF1ab,3478,G,3478,G,Delete,93,215
ORF1ab,3478,G,3478,K,Keep,1,215
ORF1ab,3478,G,3478,R,Keep,60,215
ORF1ab,3478,G,3478,V,Keep,1,215
ORF1ab,3479,D,3479,D,Delete,1539,216
ORF1ab,3479,D,3479,E,Keep,17,216
ORF1ab,3479,D,3479,G,Keep,1,216
ORF1ab,3479,D,3479,H,Keep,5,216
ORF1ab,3479,D,3479,N,Keep,44,216
ORF1ab,3479,D,3479,V,Keep,1,216
ORF1ab,3479,D,3479,Y,Keep,4,216
ORF1ab,3480,R,3480,D,Keep,1,217
ORF1ab,3480,R,3480,G,Keep,24,217
ORF1ab,3480,R,3480,K,Keep,24,217
ORF1ab,3480,R,3480,M,Keep,34,217
ORF1ab,3480,R,3480,R,Delete,92,217
ORF1ab,3480,R,3480,S,Keep,87,217
ORF1ab,3480,R,3480,T,Keep,2,217
ORF1ab,3480,R,3480,W,Keep,1,217
ORF1ab,3481,W,3481,C,Keep,10,218
ORF1ab,3481,W,3481,G,Keep,2,218
ORF1ab,3481,W,3481,R,Keep,5,218
ORF1ab,3481,W,3481,S,Keep,1,218
ORF1ab,3482,F,3482,F,Delete,36,219
ORF1ab,3482,F,3482,L,Keep,2,219
ORF1ab,3482,F,3482,V,Keep,5,219
ORF1ab,3483,F,3483,F,Delete,1,220
ORF1ab,3483,F,3483,L,Keep,6,220
ORF1ab,3483,L,3483,F,Keep,448,220
ORF1ab,3483,L,3483,H,Keep,4,220
ORF1ab,3483,L,3483,I,Keep,17,220
ORF1ab,3483,L,3483,L,Delete,579,220
ORF1ab,3483,L,3483,P,Keep,2,220
ORF1ab,3483,L,3483,R,Keep,6,220
ORF1ab,3483,L,3483,V,Keep,2,220
ORF1ab,3484,N,3484,D,Keep,11,221
ORF1ab,3484,N,3484,H,Keep,15,221
ORF1ab,3484,N,3484,K,Keep,12,221
ORF1ab,3484,N,3484,N,Delete,135,221
ORF1ab,3484,N,3484,Y,Keep,6,221
ORF1ab,3485,R,3485,*,Keep,2,222
ORF1ab,3485,R,3485,G,Keep,8,222
ORF1ab,3485,R,3485,L,Keep,16,222
ORF1ab,3485,R,3485,P,Keep,6,222
ORF1ab,3485,R,3485,Q,Keep,88,222
ORF1ab,3485,R,3485,R,Delete,187,222
ORF1ab,3486,F,3486,C,Keep,7,223
ORF1ab,3486,F,3486,F,Delete,56,223
ORF1ab,3486,F,3486,I,Keep,5,223
ORF1ab,3486,F,3486,L,Keep,144,223
ORF1ab,3486,F,3486,R,Keep,1,223
ORF1ab,3486,F,3486,S,Keep,43,223
ORF1ab,3486,F,3486,V,Keep,15,223
ORF1ab,3486,F,3486,Y,Keep,9,223
ORF1ab,3487,T,3487,A,Keep,33,224
ORF1ab,3487,T,3487,I,Keep,82,224
ORF1ab,3487,T,3487,N,Keep,31,224
ORF1ab,3487,T,3487,S,Keep,1,224
ORF1ab,3487,T,3487,T,Delete,372,224
ORF1ab,3488,M,3488,T,Keep,1,225
ORF1ab,3488,T,3488,A,Keep,17,225
ORF1ab,3488,T,3488,I,Keep,284,225
ORF1ab,3488,T,3488,M,Keep,4,225
ORF1ab,3488,T,3488,P,Keep,1,225
ORF1ab,3488,T,3488,S,Keep,1,225
ORF1ab,3488,T,3488,T,Delete,48,225
ORF1ab,3489,N,3489,T,Keep,1,226
ORF1ab,3489,S,3489,T,Keep,1,226
ORF1ab,3489,T,3489,A,Keep,26,226
ORF1ab,3489,T,3489,I,Keep,39,226
ORF1ab,3489,T,3489,N,Keep,27,226
ORF1ab,3489,T,3489,P,Keep,2,226
ORF1ab,3489,T,3489,S,Keep,4,226
ORF1ab,3489,T,3489,T,Delete,42,226
ORF1ab,3490,L,3490,F,Keep,241,227
ORF1ab,3490,L,3490,H,Keep,1,227
ORF1ab,3490,L,3490,I,Keep,11,227
ORF1ab,3490,L,3490,L,Delete,37,227
ORF1ab,3490,L,3490,P,Keep,15,227
ORF1ab,3490,L,3490,R,Keep,4,227
ORF1ab,3490,L,3490,V,Keep,1,227
ORF1ab,3491,N,3491,D,Keep,1,228
ORF1ab,3491,N,3491,H,Keep,1,228
ORF1ab,3491,N,3491,K,Keep,15,228
ORF1ab,3491,N,3491,N,Delete,132,228
ORF1ab,3491,N,3491,S,Keep,47,228
ORF1ab,3491,N,3491,T,Keep,17,228
ORF1ab,3491,N,3491,Y,Keep,6,228
ORF1ab,3491,S,3491,N,Keep,1,228
ORF1ab,3492,D,3492,D,Delete,1098,229
ORF1ab,3492,D,3492,E,Keep,26,229
ORF1ab,3492,D,3492,H,Keep,1,229
ORF1ab,3492,D,3492,N,Keep,3,229
ORF1ab,3492,D,3492,V,Keep,1,229
ORF1ab,3492,E,3492,D,Keep,1,229
ORF1ab,3493,F,3493,C,Keep,1,230
ORF1ab,3493,F,3493,F,Delete,59,230
ORF1ab,3493,F,3493,I,Keep,1,230
ORF1ab,3493,F,3493,L,Keep,8,230
ORF1ab,3493,F,3493,S,Keep,1,230
ORF1ab,3494,N,3494,D,Keep,1,231
ORF1ab,3494,N,3494,G,Keep,1,231
ORF1ab,3494,N,3494,N,Delete,862,231
ORF1ab,3495,F,3495,L,Keep,4,232
ORF1ab,3495,I,3495,L,Keep,3,232
ORF1ab,3495,L,3495,F,Keep,279,232
ORF1ab,3495,L,3495,H,Keep,1,232
ORF1ab,3495,L,3495,I,Keep,28,232
ORF1ab,3495,L,3495,L,Delete,66,232
ORF1ab,3495,L,3495,P,Keep,3,232
ORF1ab,3495,L,3495,R,Keep,1,232
ORF1ab,3496,A,3496,V,Keep,2,233
ORF1ab,3496,V,3496,A,Keep,30,233
ORF1ab,3496,V,3496,E,Keep,4,233
ORF1ab,3496,V,3496,G,Keep,3,233
ORF1ab,3496,V,3496,L,Keep,17,233
ORF1ab,3496,V,3496,M,Keep,59,233
ORF1ab,3496,V,3496,V,Delete,163,233
ORF1ab,3497,A,3497,A,Delete,45,234
ORF1ab,3497,A,3497,S,Keep,25,234
ORF1ab,3497,A,3497,T,Keep,80,234
ORF1ab,3497,A,3497,V,Keep,850,234
ORF1ab,3497,V,3497,A,Keep,15,234
ORF1ab,3498,M,3498,I,Keep,82,235
ORF1ab,3498,M,3498,L,Keep,5,235
ORF1ab,3498,M,3498,T,Keep,1,235
ORF1ab,3498,M,3498,V,Keep,7,235
ORF1ab,3499,K,3499,E,Keep,2,236
ORF1ab,3499,K,3499,K,Delete,30,236
ORF1ab,3499,K,3499,N,Keep,9,236
ORF1ab,3499,K,3499,R,Keep,346,236
ORF1ab,3500,Y,3500,*,Keep,2,237
ORF1ab,3500,Y,3500,C,Keep,49,237
ORF1ab,3500,Y,3500,F,Keep,4,237
ORF1ab,3500,Y,3500,H,Keep,10,237
ORF1ab,3500,Y,3500,Y,Delete,427,237
ORF1ab,3501,N,3501,D,Keep,1,238
ORF1ab,3501,N,3501,I,Keep,1,238
ORF1ab,3501,N,3501,K,Keep,1,238
ORF1ab,3501,N,3501,N,Delete,53,238
ORF1ab,3501,N,3501,S,Keep,13,238
ORF1ab,3501,N,3501,T,Keep,2,238
ORF1ab,3501,N,3501,Y,Keep,1,238
ORF1ab,3501,T,3501,N,Keep,1,238
ORF1ab,3502,Y,3502,C,Keep,105,239
ORF1ab,3502,Y,3502,F,Keep,1,239
ORF1ab,3502,Y,3502,H,Keep,17,239
ORF1ab,3502,Y,3502,S,Keep,6,239
ORF1ab,3502,Y,3502,Y,Delete,479,239
ORF1ab,3503,E,3503,*,Keep,1,240
ORF1ab,3503,E,3503,A,Keep,7,240
ORF1ab,3503,E,3503,E,Delete,20,240
ORF1ab,3503,E,3503,G,Keep,1,240
ORF1ab,3504,H,3504,P,Keep,1,241
ORF1ab,3504,L,3504,P,Keep,3,241
ORF1ab,3504,P,3504,C,Keep,2,241
ORF1ab,3504,P,3504,H,Keep,50,241
ORF1ab,3504,P,3504,L,Keep,750,241
ORF1ab,3504,P,3504,P,Delete,67,241
ORF1ab,3504,P,3504,R,Keep,2,241
ORF1ab,3504,P,3504,S,Keep,241,241
ORF1ab,3504,P,3504,T,Keep,44,241
ORF1ab,3504,S,3504,P,Keep,14,241
ORF1ab,3505,L,3505,I,Keep,14,242
ORF1ab,3505,L,3505,L,Delete,378,242
ORF1ab,3505,L,3505,R,Keep,1,242
ORF1ab,3505,L,3505,V,Keep,2,242
ORF1ab,3506,I,3506,T,Keep,1,243
ORF1ab,3506,T,3506,A,Keep,41,243
ORF1ab,3506,T,3506,I,Keep,250,243
ORF1ab,3506,T,3506,K,Keep,12,243
ORF1ab,3506,T,3506,T,Delete,33,243
ORF1ab,3507,Q,3507,E,Keep,1,244
ORF1ab,3507,Q,3507,H,Keep,12,244
ORF1ab,3507,Q,3507,K,Keep,5,244
ORF1ab,3507,Q,3507,L,Keep,2,244
ORF1ab,3507,Q,3507,P,Keep,1,244
ORF1ab,3507,Q,3507,Q,Delete,94,244
ORF1ab,3507,Q,3507,R,Keep,27,244
ORF1ab,3508,D,3508,A,Keep,2,245
ORF1ab,3508,D,3508,D,Delete,975,245
ORF1ab,3508,D,3508,E,Keep,8,245
ORF1ab,3508,D,3508,F,Keep,1,245
ORF1ab,3508,D,3508,G,Keep,7,245
ORF1ab,3508,D,3508,H,Keep,34,245
ORF1ab,3508,D,3508,N,Keep,34,245
ORF1ab,3508,D,3508,V,Keep,1,245
ORF1ab,3508,D,3508,Y,Keep,12,245
ORF1ab,3508,H,3508,D,Keep,16,245
ORF1ab,3509,H,3509,D,Keep,15,246
ORF1ab,3509,H,3509,H,Delete,63,246
ORF1ab,3509,H,3509,L,Keep,13,246
ORF1ab,3509,H,3509,N,Keep,29,246
ORF1ab,3509,H,3509,Q,Keep,17,246
ORF1ab,3509,H,3509,R,Keep,27,246
ORF1ab,3509,H,3509,Y,Keep,798,246
ORF1ab,3509,Y,3509,H,Keep,7,246
ORF1ab,3510,F,3510,V,Keep,1,247
ORF1ab,3510,I,3510,V,Keep,1,247
ORF1ab,3510,V,3510,A,Keep,25,247
ORF1ab,3510,V,3510,F,Keep,118,247
ORF1ab,3510,V,3510,G,Keep,1,247
ORF1ab,3510,V,3510,I,Keep,65,247
ORF1ab,3510,V,3510,L,Keep,8,247
ORF1ab,3510,V,3510,V,Delete,80,247
ORF1ab,3511,D,3511,A,Keep,5,248
ORF1ab,3511,D,3511,D,Delete,321,248
ORF1ab,3511,D,3511,E,Keep,5,248
ORF1ab,3511,D,3511,G,Keep,6,248
ORF1ab,3511,D,3511,H,Keep,1,248
ORF1ab,3511,D,3511,N,Keep,16,248
ORF1ab,3511,D,3511,V,Keep,2,248
ORF1ab,3511,D,3511,Y,Keep,15,248
ORF1ab,3511,E,3511,D,Keep,1,248
ORF1ab,3512,I,3512,I,Delete,5,249
ORF1ab,3512,I,3512,L,Keep,9,249
ORF1ab,3512,I,3512,M,Keep,6,249
ORF1ab,3512,I,3512,R,Keep,2,249
ORF1ab,3512,I,3512,T,Keep,58,249
ORF1ab,3512,I,3512,V,Keep,51,249
ORF1ab,3513,L,3513,I,Keep,15,250
ORF1ab,3513,L,3513,L,Delete,360,250
ORF1ab,3513,L,3513,P,Keep,2,250
ORF1ab,3513,L,3513,V,Keep,1,250
ORF1ab,3514,G,3514,A,Keep,3,251
ORF1ab,3514,G,3514,E,Keep,18,251
ORF1ab,3514,G,3514,G,Delete,32,251
ORF1ab,3514,G,3514,R,Keep,79,251
ORF1ab,3514,G,3514,V,Keep,10,251
ORF1ab,3514,R,3514,G,Keep,1,251
ORF1ab,3515,P,3515,H,Keep,4,252
ORF1ab,3515,P,3515,I,Keep,1,252
ORF1ab,3515,P,3515,L,Keep,170,252
ORF1ab,3515,P,3515,P,Delete,134,252
ORF1ab,3515,P,3515,S,Keep,28,252
ORF1ab,3515,P,3515,T,Keep,18,252
ORF1ab,3516,L,3516,F,Keep,78,253
ORF1ab,3516,L,3516,H,Keep,1,253
ORF1ab,3516,L,3516,I,Keep,5,253
ORF1ab,3516,L,3516,L,Delete,62,253
ORF1ab,3516,L,3516,P,Keep,3,253
ORF1ab,3516,L,3516,V,Keep,11,253
ORF1ab,3517,F,3517,S,Keep,1,254
ORF1ab,3517,S,3517,A,Keep,22,254
ORF1ab,3517,S,3517,C,Keep,2,254
ORF1ab,3517,S,3517,F,Keep,218,254
ORF1ab,3517,S,3517,L,Keep,1,254
ORF1ab,3517,S,3517,P,Keep,4,254
ORF1ab,3517,S,3517,S,Delete,99,254
ORF1ab,3517,S,3517,T,Keep,2,254
ORF1ab,3517,S,3517,Y,Keep,6,254
ORF1ab,3518,A,3518,A,Delete,95,255
ORF1ab,3518,A,3518,P,Keep,1,255
ORF1ab,3518,A,3518,S,Keep,5,255
ORF1ab,3518,A,3518,T,Keep,7,255
ORF1ab,3518,A,3518,V,Keep,327,255
ORF1ab,3518,V,3518,A,Keep,1,255
ORF1ab,3519,Q,3519,E,Keep,2,256
ORF1ab,3519,Q,3519,K,Keep,1,256
ORF1ab,3519,Q,3519,L,Keep,3,256
ORF1ab,3519,Q,3519,P,Keep,1,256
ORF1ab,3519,Q,3519,Q,Delete,46,256
ORF1ab,3519,Q,3519,R,Keep,4,256
ORF1ab,3520,I,3520,T,Keep,1,257
ORF1ab,3520,I,3520,V,Keep,1,257
ORF1ab,3520,T,3520,A,Keep,28,257
ORF1ab,3520,T,3520,I,Keep,140,257
ORF1ab,3520,T,3520,N,Keep,1,257
ORF1ab,3520,T,3520,S,Keep,4,257
ORF1ab,3520,T,3520,T,Delete,107,257
ORF1ab,3520,T,3520,V,Keep,2,257
ORF1ab,3521,G,3521,*,Keep,1,258
ORF1ab,3521,G,3521,E,Keep,8,258
ORF1ab,3521,G,3521,G,Delete,89,258
ORF1ab,3521,G,3521,R,Keep,3,258
ORF1ab,3521,G,3521,V,Keep,1,258
ORF1ab,3522,I,3522,F,Keep,4,259
ORF1ab,3522,I,3522,I,Delete,99,259
ORF1ab,3522,I,3522,L,Keep,43,259
ORF1ab,3522,I,3522,M,Keep,4,259
ORF1ab,3522,I,3522,T,Keep,34,259
ORF1ab,3522,I,3522,V,Keep,77,259
ORF1ab,3522,L,3522,F,Keep,1,259
ORF1ab,3522,L,3522,I,Keep,15,259
ORF1ab,3523,A,3523,A,Delete,989,260
ORF1ab,3523,A,3523,D,Keep,9,260
ORF1ab,3523,A,3523,G,Keep,3,260
ORF1ab,3523,A,3523,P,Keep,3,260
ORF1ab,3523,A,3523,S,Keep,23,260
ORF1ab,3523,A,3523,T,Keep,41,260
ORF1ab,3523,A,3523,V,Keep,1234,260
ORF1ab,3523,V,3523,A,Keep,18,260
ORF1ab,3523,V,3523,V,Delete,3,260
ORF1ab,3524,V,3524,A,Keep,46,261
ORF1ab,3524,V,3524,F,Keep,60,261
ORF1ab,3524,V,3524,G,Keep,2,261
ORF1ab,3524,V,3524,I,Keep,252,261
ORF1ab,3524,V,3524,V,Delete,38,261
ORF1ab,3525,L,3525,F,Keep,4,262
ORF1ab,3525,L,3525,I,Keep,3,262
ORF1ab,3525,L,3525,L,Delete,75,262
ORF1ab,3525,L,3525,S,Keep,9,262
ORF1ab,3525,L,3525,V,Keep,2,262
ORF1ab,3526,D,3526,A,Keep,30,263
ORF1ab,3526,D,3526,D,Delete,73,263
ORF1ab,3526,D,3526,E,Keep,16,263
ORF1ab,3526,D,3526,G,Keep,101,263
ORF1ab,3526,D,3526,H,Keep,2,263
ORF1ab,3526,D,3526,N,Keep,41,263
ORF1ab,3526,D,3526,V,Keep,2,263
ORF1ab,3526,D,3526,Y,Keep,15,263
ORF1ab,3526,G,3526,S,Keep,1,263
ORF1ab,3527,M,3527,I,Keep,194,264
ORF1ab,3527,M,3527,L,Keep,6,264
ORF1ab,3527,M,3527,T,Keep,3,264
ORF1ab,3527,M,3527,V,Keep,72,264
ORF1ab,3528,C,3528,C,Delete,25,265
ORF1ab,3528,C,3528,F,Keep,5,265
ORF1ab,3528,C,3528,G,Keep,1,265
ORF1ab,3528,C,3528,R,Keep,3,265
ORF1ab,3528,C,3528,S,Keep,2,265
ORF1ab,3528,C,3528,Y,Keep,1,265
ORF1ab,3529,A,3529,A,Delete,65,266
ORF1ab,3529,A,3529,D,Keep,4,266
ORF1ab,3529,A,3529,G,Keep,2,266
ORF1ab,3529,A,3529,P,Keep,2,266
ORF1ab,3529,A,3529,S,Keep,19,266
ORF1ab,3529,A,3529,T,Keep,28,266
ORF1ab,3529,A,3529,V,Keep,131,266
ORF1ab,3529,S,3529,A,Keep,1,266
ORF1ab,3529,V,3529,A,Keep,1,266
ORF1ab,3530,S,3530,A,Keep,7,267
ORF1ab,3530,S,3530,L,Keep,98,267
ORF1ab,3530,S,3530,P,Keep,1,267
ORF1ab,3530,S,3530,S,Delete,143,267
ORF1ab,3531,L,3531,I,Keep,1,268
ORF1ab,3531,L,3531,L,Delete,54,268
ORF1ab,3531,L,3531,V,Keep,3,268
ORF1ab,3532,K,3532,K,Delete,98,269
ORF1ab,3532,K,3532,R,Keep,21,269
ORF1ab,3533,D,3533,R,Keep,1,270
ORF1ab,3533,E,3533,*,Keep,2,270
ORF1ab,3533,E,3533,A,Keep,19,270
ORF1ab,3533,E,3533,D,Keep,28,270
ORF1ab,3533,E,3533,E,Delete,56,270
ORF1ab,3533,E,3533,G,Keep,26,270
ORF1ab,3533,E,3533,K,Keep,1,270
ORF1ab,3533,E,3533,Q,Keep,1,270
ORF1ab,3533,E,3533,V,Keep,4,270
ORF1ab,3534,L,3534,I,Keep,3,271
ORF1ab,3534,L,3534,L,Delete,94,271
ORF1ab,3534,L,3534,S,Keep,1,271
ORF1ab,3534,L,3534,V,Keep,11,271
ORF1ab,3535,L,3535,L,Delete,1880,272
ORF1ab,3535,L,3535,M,Keep,32,272
ORF1ab,3535,L,3535,S,Keep,1,272
ORF1ab,3535,L,3535,V,Keep,5,272
ORF1ab,3536,L,3536,Q,Keep,1,273
ORF1ab,3536,Q,3536,H,Keep,22,273
ORF1ab,3536,Q,3536,K,Keep,65,273
ORF1ab,3536,Q,3536,L,Keep,46,273
ORF1ab,3536,Q,3536,Q,Delete,83,273
ORF1ab,3536,Q,3536,R,Keep,23,273
ORF1ab,3537,D,3537,N,Keep,2,274
ORF1ab,3537,D,3537,Y,Keep,1,274
ORF1ab,3537,N,3537,D,Keep,330,274
ORF1ab,3537,N,3537,H,Keep,9,274
ORF1ab,3537,N,3537,I,Keep,6,274
ORF1ab,3537,N,3537,K,Keep,10,274
ORF1ab,3537,N,3537,N,Delete,60,274
ORF1ab,3537,N,3537,S,Keep,249,274
ORF1ab,3537,N,3537,T,Keep,14,274
ORF1ab,3537,N,3537,Y,Keep,7,274
ORF1ab,3537,S,3537,N,Keep,1,274
ORF1ab,3538,G,3538,A,Keep,1,275
ORF1ab,3538,G,3538,D,Keep,1,275
ORF1ab,3538,G,3538,G,Delete,20,275
ORF1ab,3538,G,3538,S,Keep,38,275
ORF1ab,3538,G,3538,V,Keep,1,275
ORF1ab,3539,M,3539,I,Keep,79,276
ORF1ab,3539,M,3539,K,Keep,1,276
ORF1ab,3539,M,3539,L,Keep,35,276
ORF1ab,3539,M,3539,R,Keep,2,276
ORF1ab,3539,M,3539,T,Keep,44,276
ORF1ab,3539,M,3539,V,Keep,107,276
ORF1ab,3539,T,3539,M,Keep,1,276
ORF1ab,3540,N,3540,D,Keep,15,277
ORF1ab,3540,N,3540,H,Keep,11,277
ORF1ab,3540,N,3540,I,Keep,1,277
ORF1ab,3540,N,3540,K,Keep,31,277
ORF1ab,3540,N,3540,N,Delete,141,277
ORF1ab,3540,N,3540,S,Keep,78,277
ORF1ab,3540,N,3540,T,Keep,32,277
ORF1ab,3540,N,3540,Y,Keep,4,277
ORF1ab,3541,G,3541,*,Keep,1,278
ORF1ab,3541,G,3541,E,Keep,32,278
ORF1ab,3541,G,3541,G,Delete,55,278
ORF1ab,3541,G,3541,K,Keep,2,278
ORF1ab,3541,G,3541,R,Keep,43,278
ORF1ab,3541,G,3541,V,Keep,4,278
ORF1ab,3542,R,3542,C,Keep,395,279
ORF1ab,3542,R,3542,H,Keep,90,279
ORF1ab,3542,R,3542,L,Keep,14,279
ORF1ab,3542,R,3542,R,Delete,38,279
ORF1ab,3542,R,3542,S,Keep,9,279
ORF1ab,3543,T,3543,A,Keep,48,280
ORF1ab,3543,T,3543,I,Keep,139,280
ORF1ab,3543,T,3543,N,Keep,14,280
ORF1ab,3543,T,3543,S,Keep,1,280
ORF1ab,3543,T,3543,T,Delete,156,280
ORF1ab,3544,I,3544,I,Delete,5,281
ORF1ab,3544,I,3544,L,Keep,6,281
ORF1ab,3544,I,3544,M,Keep,9,281
ORF1ab,3544,I,3544,T,Keep,3,281
ORF1ab,3544,I,3544,V,Keep,81,281
ORF1ab,3545,L,3545,F,Keep,10,282
ORF1ab,3545,L,3545,L,Delete,102,282
ORF1ab,3545,L,3545,M,Keep,1,282
ORF1ab,3545,L,3545,S,Keep,4,282
ORF1ab,3545,L,3545,V,Keep,4,282
ORF1ab,3545,L,3545,W,Keep,1,282
ORF1ab,3546,C,3546,G,Keep,1,283
ORF1ab,3546,G,3546,A,Keep,2,283
ORF1ab,3546,G,3546,C,Keep,24,283
ORF1ab,3546,G,3546,D,Keep,57,283
ORF1ab,3546,G,3546,G,Delete,11,283
ORF1ab,3546,G,3546,R,Keep,1,283
ORF1ab,3546,G,3546,S,Keep,147,283
ORF1ab,3546,G,3546,V,Keep,2,283
ORF1ab,3547,C,3547,S,Keep,1,284
ORF1ab,3547,S,3547,C,Keep,18,284
ORF1ab,3547,S,3547,G,Keep,146,284
ORF1ab,3547,S,3547,I,Keep,57,284
ORF1ab,3547,S,3547,N,Keep,30,284
ORF1ab,3547,S,3547,S,Delete,16,284
ORF1ab,3547,S,3547,T,Keep,4,284
ORF1ab,3548,A,3548,A,Delete,48,285
ORF1ab,3548,A,3548,D,Keep,9,285
ORF1ab,3548,A,3548,G,Keep,3,285
ORF1ab,3548,A,3548,P,Keep,3,285
ORF1ab,3548,A,3548,S,Keep,27,285
ORF1ab,3548,A,3548,T,Keep,24,285
ORF1ab,3548,A,3548,V,Keep,280,285
ORF1ab,3548,V,3548,A,Keep,1,285
ORF1ab,3549,L,3549,F,Keep,3,286
ORF1ab,3549,L,3549,I,Keep,1,286
ORF1ab,3549,L,3549,L,Delete,160,286
ORF1ab,3549,L,3549,S,Keep,1,286
ORF1ab,3550,L,3550,F,Keep,3,287
ORF1ab,3550,L,3550,I,Keep,1,287
ORF1ab,3550,L,3550,L,Delete,87,287
ORF1ab,3550,L,3550,S,Keep,1,287
ORF1ab,3550,L,3550,V,Keep,11,287
ORF1ab,3551,E,3551,D,Keep,31,288
ORF1ab,3551,E,3551,E,Delete,48,288
ORF1ab,3551,E,3551,G,Keep,3,288
ORF1ab,3551,E,3551,K,Keep,2,288
ORF1ab,3551,E,3551,Q,Keep,1,288
ORF1ab,3551,E,3551,V,Keep,1,288
ORF1ab,3552,D,3552,D,Delete,149,289
ORF1ab,3552,D,3552,H,Keep,1,289
ORF1ab,3552,D,3552,Y,Keep,1,289
ORF1ab,3553,E,3553,D,Keep,1,290
ORF1ab,3553,E,3553,E,Delete,70,290
ORF1ab,3554,F,3554,C,Keep,1,291
ORF1ab,3554,F,3554,F,Delete,55,291
ORF1ab,3554,F,3554,I,Keep,1,291
ORF1ab,3554,F,3554,S,Keep,1,291
ORF1ab,3554,F,3554,Y,Keep,2,291
ORF1ab,3555,T,3555,A,Keep,27,292
ORF1ab,3555,T,3555,I,Keep,1,292
ORF1ab,3555,T,3555,L,Keep,1,292
ORF1ab,3555,T,3555,T,Delete,29,292
ORF1ab,3556,P,3556,A,Keep,1,293
ORF1ab,3556,P,3556,L,Keep,1,293
ORF1ab,3556,P,3556,P,Delete,62,293
ORF1ab,3556,P,3556,S,Keep,67,293
ORF1ab,3556,P,3556,T,Keep,1,293
ORF1ab,3557,F,3557,F,Delete,44,294
ORF1ab,3557,F,3557,I,Keep,2,294
ORF1ab,3557,F,3557,L,Keep,7,294
ORF1ab,3557,F,3557,S,Keep,1,294
ORF1ab,3557,F,3557,V,Keep,2,294
ORF1ab,3558,D,3558,D,Delete,63,295
ORF1ab,3558,D,3558,E,Keep,2,295
ORF1ab,3558,D,3558,G,Keep,1,295
ORF1ab,3558,D,3558,N,Keep,1,295
ORF1ab,3558,D,3558,Y,Keep,1,295
ORF1ab,3559,V,3559,A,Keep,55,296
ORF1ab,3559,V,3559,F,Keep,3,296
ORF1ab,3559,V,3559,G,Keep,1,296
ORF1ab,3559,V,3559,I,Keep,22,296
ORF1ab,3559,V,3559,V,Delete,47,296
ORF1ab,3560,I,3560,V,Keep,3,297
ORF1ab,3560,V,3560,A,Keep,2,297
ORF1ab,3560,V,3560,F,Keep,5,297
ORF1ab,3560,V,3560,G,Keep,1,297
ORF1ab,3560,V,3560,I,Keep,121,297
ORF1ab,3560,V,3560,L,Keep,1,297
ORF1ab,3560,V,3560,V,Delete,55,297
ORF1ab,3561,R,3561,G,Keep,15,298
ORF1ab,3561,R,3561,I,Keep,20,298
ORF1ab,3561,R,3561,K,Keep,34,298
ORF1ab,3561,R,3561,R,Delete,38,298
ORF1ab,3561,R,3561,S,Keep,68,298
ORF1ab,3561,R,3561,T,Keep,5,298
ORF1ab,3562,Q,3562,*,Keep,1,299
ORF1ab,3562,Q,3562,L,Keep,4,299
ORF1ab,3562,Q,3562,Q,Delete,50,299
ORF1ab,3562,Q,3562,R,Keep,1,299
ORF1ab,3563,C,3563,*,Keep,1,300
ORF1ab,3563,C,3563,C,Delete,490,300
ORF1ab,3563,C,3563,F,Keep,1,300
ORF1ab,3563,C,3563,G,Keep,1,300
ORF1ab,3563,C,3563,R,Keep,1,300
ORF1ab,3563,C,3563,S,Keep,16,300
ORF1ab,3563,C,3563,Y,Keep,1,300
ORF1ab,3564,L,3564,*,Keep,1,301
ORF1ab,3564,S,3564,*,Keep,1,301
ORF1ab,3564,S,3564,A,Keep,70,301
ORF1ab,3564,S,3564,L,Keep,154,301
ORF1ab,3564,S,3564,P,Keep,7,301
ORF1ab,3564,S,3564,S,Delete,76,301
ORF1ab,3564,S,3564,T,Keep,5,301
ORF1ab,3565,G,3565,A,Keep,1,302
ORF1ab,3565,G,3565,C,Keep,23,302
ORF1ab,3565,G,3565,G,Delete,35,302
ORF1ab,3565,G,3565,R,Keep,4,302
ORF1ab,3565,G,3565,S,Keep,7,302
ORF1ab,3565,G,3565,V,Keep,1,302
ORF1ab,3566,I,3566,V,Keep,1,303
ORF1ab,3566,V,3566,F,Keep,9,303
ORF1ab,3566,V,3566,G,Keep,1,303
ORF1ab,3566,V,3566,I,Keep,88,303
ORF1ab,3566,V,3566,L,Keep,1,303
ORF1ab,3566,V,3566,V,Delete,60,303
ORF1ab,3567,I,3567,T,Keep,1,304
ORF1ab,3567,T,3567,A,Keep,8,304
ORF1ab,3567,T,3567,I,Keep,298,304
ORF1ab,3567,T,3567,N,Keep,2,304
ORF1ab,3567,T,3567,S,Keep,1,304
ORF1ab,3567,T,3567,T,Delete,92,304
ORF1ab,3568,F,3568,C,Keep,4,305
ORF1ab,3568,F,3568,F,Delete,1441,305
ORF1ab,3568,F,3568,I,Keep,2,305
ORF1ab,3568,F,3568,L,Keep,21,305
ORF1ab,3568,F,3568,S,Keep,115,305
ORF1ab,3568,F,3568,Y,Keep,2,305
ORF1ab,3568,S,3568,F,Keep,4,305
ORF1ab,3569,Q,3569,*,Keep,2,306
ORF1ab,3569,Q,3569,H,Keep,6,306
ORF1ab,3569,Q,3569,P,Keep,1,306
ORF1ab,3569,Q,3569,Q,Delete,63,306
ORF1ab,3569,Q,3569,R,Keep,1,306
ORF1ab,3569,Q,3569,T,Keep,1,306